2286, -0.62, 0.36, 1.08, 20.18, 13.23, 4.33, 128.00, 128.00, 514.00
2444, -0.59, 0.32, 1.10, -22.02, -9.19, 19.30, 610.00, 610.00, 2441.00
2502, -0.58, 0.31, 1.12, 24.92, 17.52, -31.46, -1029.00, -1029.00, -4113.00
2559, -0.61, 0.32, 1.11, -4.89, 4.07, -9.47, -290.00, -290.00, -1157.00
2617, -0.59, 0.35, 1.08, -7.73, 21.01, 12.24, 385.00, 385.00, 1542.00
2675, -0.59, 0.31, 1.09, -19.36, 20.32, 15.91, 514.00, 514.00, 2056.00
2733, -0.60, 0.32, 1.09, -9.64, 31.97, -26.58, -868.00, -868.00, -3470.00
2790, -0.60, 0.33, 1.09, 4.28, 10.32, -20.57, -675.00, -675.00, -2699.00
2863, -0.62, 0.33, 1.11, 2.02, 2.00, 10.28, 321.00, 321.00, 1285.00
2921, -0.61, 0.33, 1.11, -11.27, -16.83, 39.28, 1285.00, 1285.00, 5140.00
2979, -0.61, 0.31, 1.09, 4.00, -16.23, 0.90, 0.00, 0.00, 0.00
3036, -0.61, 0.31, 1.10, -18.03, 17.77, -0.67, -1.00, -1.00, -1.00
3094, -0.61, 0.35, 1.07, -3.91, 10.76, 7.94, 257.00, 257.00, 1028.00
3152, -0.61, 0.35, 1.09, -7.62, -32.89, -25.51, -836.00, -836.00, -3342.00
3210, -0.62, 0.32, 1.09, 0.47, -11.02, -3.31, -97.00, -97.00, -386.00
3282, -0.61, 0.34, 1.11, 1.31, -1.31, 0.34, 0.00, 0.00, 0.00
3340, -0.59, 0.33, 1.08, 7.69, -0.08, -17.88, -579.00, -579.00, -2314.00
3398, -0.60, 0.34, 1.09, -10.17, 8.74, 12.05, 385.00, 385.00, 1542.00
3455, -0.61, 0.35, 1.12, -15.83, -0.56, 1.69, 32.00, 32.00, 128.00
3513, -0.61, 0.34, 1.10, 0.78, -12.45, 24.02, 771.00, 771.00, 3084.00
3571, -0.61, 0.33, 1.11, 28.60, 0.48, 15.26, 481.00, 481.00, 1927.00
3629, -0.60, 0.35, 1.11, -21.71, -20.38, 10.09, 321.00, 321.00, 1285.00
3702, -0.62, 0.31, 1.09, 14.58, 1.47, 7.21, 224.00, 224.00, 899.00
3759, -0.62, 0.34, 1.14, 6.69, -31.05, -17.95, -579.00, -579.00, -2314.00
3817, -0.60, 0.32, 1.09, 7.35, -35.98, -40.07, -1318.00, -1318.00, -5269.00
3875, -0.60, 0.31, 1.11, 13.17, -3.88, -40.26, -1318.00, -1318.00, -5269.00
3933, -0.59, 0.34, 1.13, -22.09, 2.19, -19.54, -643.00, -643.00, -2571.00
3991, -0.62, 0.34, 1.10, -15.82, 14.85, -32.60, -1061.00, -1061.00, -4241.00
4049, -0.59, 0.34, 1.08, -9.07, 14.24, 8.61, 257.00, 257.00, 1028.00
4122, -0.59, 0.30, 1.09, 9.17, 0.93, 18.74, 610.00, 610.00, 2441.00
4180, -0.63, 0.31, 1.09, 21.69, 23.51, 17.14, 546.00, 546.00, 2184.00
4237, -0.61, 0.33, 1.12, -22.99, -17.31, 18.66, 610.00, 610.00, 2441.00
4295, -0.60, 0.33, 1.08, -33.61, -17.89, 4.91, 160.00, 160.00, 642.00
4353, -0.60, 0.32, 1.10, -19.27, 4.32, -26.43, -868.00, -868.00, -3470.00
4411, -0.62, 0.32, 1.11, 5.88, 9.45, 7.81, 257.00, 257.00, 1028.00
4469, -0.62, 0.32, 1.12, -14.94, -22.53, -5.40, -161.00, -161.00, -643.00
4527, -0.60, 0.32, 1.13, 19.16, -7.70, -1.21, -33.00, -33.00, -129.00
4599, -0.64, 0.23, 1.16, 63.98, -50.24, -35.55, -1157.00, -1157.00, -4627.00
4657, -0.62, 0.35, 1.21, -82.03, -84.03, -124.51, -4080.00, -4080.00, -16320.00
4715, -0.53, 0.17, 1.13, 64.48, -124.51, -40.85, -1318.00, -1318.00, -5269.00
4773, -0.59, 0.08, 1.23, 76.22, -124.51, -124.51, -4080.00, -4080.00, -16320.00
4831, -0.45, 0.29, 1.03, 24.24, -124.51, -124.51, -4080.00, -4080.00, -16320.00
4889, -0.39, 0.36, 0.93, 124.51, 20.73, -124.51, -4080.00, -4080.00, -16320.00
4963, -0.51, 0.57, 1.34, 11.19, -124.51, 124.51, 4079.00, 4079.00, 16319.00
5021, -0.18, 0.38, 1.20, -65.11, -124.51, -26.24, -836.00, -836.00, -3342.00
5079, -0.21, 0.28, 1.44, -124.51, -124.51, 124.51, 4079.00, 4079.00, 16319.00
5137, 0.09, 0.16, 1.24, 101.34, -124.51, 66.31, 2184.00, 2184.00, 8738.00
5194, 0.44, 0.22, 0.95, -86.31, -96.48, 42.16, 1381.00, 1381.00, 5525.00
5252, 0.48, 0.09, 1.02, -124.51, -120.78, 8.37, 257.00, 257.00, 1028.00
5310, 0.19, 0.06, 0.95, -124.51, 124.51, 124.51, 4079.00, 4079.00, 16319.00
5383, -0.20, -0.05, 1.35, -124.51, 124.51, -17.18, -547.00, -547.00, -2185.00
5441, -0.57, -0.15, 1.22, -124.51, 124.51, 124.51, 4079.00, 4079.00, 16319.00
5499, -0.24, -0.09, 1.47, 124.51, -124.51, -124.51, -4080.00, -4080.00, -16320.00
5557, 0.06, 0.10, 1.14, 124.51, -124.51, -124.51, -4080.00, -4080.00, -16320.00
5615, 0.43, 0.24, 1.07, 124.51, -124.51, 14.82, 481.00, 481.00, 1927.00
5673, 0.23, 0.06, 0.97, -124.51, 124.51, 124.51, 4079.00, 4079.00, 16319.00
5731, 0.03, -0.02, 1.40, -124.51, 124.51, 30.42, 995.00, 995.00, 3983.00
5804, -0.45, -0.14, 1.30, 124.51, -124.51, -53.09, -1735.00, -1735.00, -6940.00
5862, -0.03, -0.08, 1.32, 124.51, -124.51, -124.51, -4080.00, -4080.00, -16320.00
5920, 0.27, 0.17, 1.09, 124.51, -124.51, -113.07, -3727.00, -3727.00, -14907.00
5978, -0.03, 0.03, 1.06, -124.51, 124.51, 96.95, 3180.00, 3180.00, 12721.00
6036, 0.02, -0.05, 1.38, -124.51, 124.51, 14.14, 449.00, 449.00, 1799.00
6094, -0.25, -0.13, 1.33, 39.86, 75.12, 24.54, 803.00, 803.00, 3212.00
6167, -0.23, -0.07, 1.42, 124.51, -124.51, 27.27, 899.00, 899.00, 3598.00
6225, 0.03, 0.02, 1.17, 124.51, -124.51, 41.88, 1381.00, 1381.00, 5525.00
6283, 0.27, 0.27, 0.96, -9.75, -92.20, -47.07, -1543.00, -1543.00, -6169.00
6341, 0.08, 0.15, 1.33, -20.22, -30.69, -32.92, -1061.00, -1061.00, -4241.00
6399, 0.24, 0.22, 1.23, 124.51, -100.43, -19.46, -643.00, -643.00, -2571.00
6457, -0.05, 0.13, 1.10, -124.51, 124.51, 124.51, 4079.00, 4079.00, 16319.00
6515, -0.46, -0.11, 1.36, -124.51, 124.51, -42.79, -1382.00, -1382.00, -5526.00
6588, -0.17, -0.08, 1.21, 124.51, -124.51, -92.92, -3052.00, -3052.00, -12208.00
6646, -0.12, 0.03, 1.24, 124.51, -46.49, -33.65, -1093.00, -1093.00, -4370.00
6704, -0.04, 0.09, 1.23, 32.35, 124.51, -36.06, -1189.00, -1189.00, -4755.00
6762, -0.13, 0.04, 1.23, 33.68, 102.73, -64.84, -2121.00, -2121.00, -8482.00
6820, -0.30, 0.00, 1.52, 124.51, -124.51, -28.86, -932.00, -932.00, -3727.00
6878, 0.11, 0.45, 1.13, 124.51, -124.51, 49.79, 1638.00, 1638.00, 6553.00
6936, 0.16, 0.40, 1.08, 124.51, -124.51, 52.93, 1734.00, 1734.00, 6939.00
7009, 0.10, 0.27, 1.00, -124.51, 124.51, -0.51, -1.00, -1.00, -1.00
7067, -0.25, 0.03, 1.45, -124.51, 124.51, -38.99, -1286.00, -1286.00, -5141.00
7125, -0.10, 0.23, 1.17, 124.51, 38.67, -46.23, -1510.00, -1510.00, -6040.00
7183, -0.26, 0.10, 1.19, -44.56, 124.51, -47.20, -1543.00, -1543.00, -6169.00
7241, -0.20, 0.25, 1.22, 64.42, 124.51, -73.25, -2410.00, -2410.00, -9638.00
7299, -0.25, 0.20, 1.12, 124.51, 124.51, 56.95, 1863.00, 1863.00, 7453.00
7372, -0.56, 0.22, 1.37, 124.51, 124.51, 17.12, 546.00, 546.00, 2184.00
7430, -0.41, 0.44, 1.03, 124.51, 124.51, -0.62, -1.00, -1.00, -1.00
7487, -0.54, 0.52, 1.18, 124.51, 124.51, 77.05, 2537.00, 2537.00, 10151.00
7545, -0.53, 0.50, 1.21, 11.18, -7.60, 36.27, 1188.00, 1188.00, 4754.00
7603, -0.50, 0.39, 1.17, -72.11, -63.38, -4.91, -161.00, -161.00, -643.00
7661, -0.49, 0.44, 1.04, -42.86, -30.35, -50.59, -1671.00, -1671.00, -6683.00
7719, -0.51, 0.49, 1.09, 74.08, 53.50, 9.42, 289.00, 289.00, 1156.00
7777, -0.53, 0.53, 1.18, 31.76, 13.72, -7.55, -225.00, -225.00, -900.00
7850, -0.48, 0.54, 1.02, -124.51, -50.51, -32.85, -1061.00, -1061.00, -4241.00
7908, -0.38, 0.48, 0.88, -117.44, 33.12, 83.43, 2730.00, 2730.00, 10922.00
7966, -0.54, 0.45, 0.97, 60.76, 124.51, 124.51, 4079.00, 4079.00, 16319.00
8024, -0.65, 0.44, 1.10, 47.01, 124.51, 124.51, 4079.00, 4079.00, 16319.00
8082, -0.74, 0.47, 1.15, -124.51, 124.51, 88.59, 2923.00, 2923.00, 11693.00
8140, -0.68, 0.25, 1.20, -69.89, 100.20, 24.66, 803.00, 803.00, 3212.00
8213, -0.78, 0.38, 1.01, -5.53, -28.32, 9.10, 289.00, 289.00, 1156.00
8271, -0.74, 0.47, 1.06, -60.05, 38.90, -106.45, -3502.00, -3502.00, -14007.00
8329, -0.67, 0.57, 1.11, -44.57, -13.82, 123.97, 4079.00, 4079.00, 16319.00
8387, -0.63, 0.44, 1.02, -124.08, -124.51, 124.51, 4079.00, 4079.00, 16319.00
8445, -0.73, 0.27, 1.01, -29.00, -37.13, 124.51, 4079.00, 4079.00, 16319.00
8503, -0.68, 0.42, 1.07, 54.24, 10.17, 3.42, 96.00, 96.00, 385.00
8561, -0.49, 0.49, 1.09, -117.83, -8.36, -18.98, -611.00, -611.00, -2442.00
8634, -0.54, 0.32, 1.02, -50.04, -100.84, 77.14, 2537.00, 2537.00, 10151.00
8692, -0.59, 0.28, 1.08, 19.43, 35.39, -5.20, -161.00, -161.00, -643.00
8749, -0.58, 0.54, 1.10, 35.44, 56.95, -64.87, -2121.00, -2121.00, -8482.00
8807, -0.47, 0.60, 1.15, -110.76, -35.08, 37.53, 1220.00, 1220.00, 4883.00
8865, -0.61, 0.26, 1.06, -42.99, -123.52, 124.51, 4079.00, 4079.00, 16319.00
8923, -0.65, 0.30, 1.05, -3.53, 24.15, -28.58, -932.00, -932.00, -3727.00
8981, -0.48, 0.39, 1.14, -29.23, 92.44, -78.09, -2571.00, -2571.00, -10281.00
9054, -0.58, 0.34, 1.18, 40.08, -61.70, 108.93, 3565.00, 3565.00, 14263.00
9112, -0.73, 0.41, 1.15, 67.24, -8.03, -36.18, -1189.00, -1189.00, -4755.00
9170, -0.51, 0.67, 1.06, -124.51, -93.56, -124.51, -4080.00, -4080.00, -16320.00
9228, -0.17, 0.58, 1.00, -114.14, -104.62, -6.92, -225.00, -225.00, -900.00
9285, -0.28, 0.36, 1.00, 52.19, 18.86, 124.51, 4079.00, 4079.00, 16319.00
9343, -0.61, 0.24, 1.15, 124.51, 124.51, 117.17, 3855.00, 3855.00, 15420.00
9401, -0.79, 0.12, 1.30, 124.51, -77.19, 99.83, 3276.00, 3276.00, 13107.00
9473, -0.55, 0.51, 1.15, 15.41, -23.50, -124.51, -4080.00, -4080.00, -16320.00
9531, -0.34, 0.71, 1.00, -110.18, -37.16, -124.51, -4080.00, -4080.00, -16320.00
9589, -0.39, 0.55, 0.98, 52.71, 43.48, 102.81, 3373.00, 3373.00, 13492.00
9647, -0.53, 0.42, 1.08, 124.51, 124.51, 109.68, 3598.00, 3598.00, 14392.00
9705, -0.64, 0.38, 1.24, 72.21, 91.47, 29.35, 963.00, 963.00, 3855.00
9763, -0.62, 0.47, 1.11, -77.76, -94.68, -78.77, -2571.00, -2571.00, -10281.00
9835, -0.44, 0.63, 1.03, -80.19, -10.34, -124.51, -4080.00, -4080.00, -16320.00
9893, -0.45, 0.51, 1.04, 22.34, -7.29, 105.24, 3469.00, 3469.00, 13878.00
9951, -0.67, 0.41, 1.09, 34.95, 86.43, 37.73, 1220.00, 1220.00, 4883.00
10009, -0.63, 0.45, 1.16, -25.22, 19.82, -55.84, -1832.00, -1832.00, -7325.00
10067, -0.44, 0.40, 1.08, -80.24, -95.54, -13.01, -418.00, -418.00, -1671.00
10125, -0.43, 0.44, 0.96, -17.44, -4.56, -116.52, -3823.00, -3823.00, -15292.00
10182, -0.57, 0.48, 1.07, 106.83, 117.69, -27.62, -900.00, -900.00, -3599.00
10255, -0.69, 0.53, 1.19, 22.28, 10.39, -5.06, -161.00, -161.00, -643.00
10313, -0.54, 0.51, 1.11, -113.22, -95.40, -18.50, -611.00, -611.00, -2442.00
10371, -0.41, 0.45, 1.01, -86.94, -94.16, 13.73, 449.00, 449.00, 1799.00
10429, -0.50, 0.38, 1.01, 50.20, 26.11, 37.73, 1220.00, 1220.00, 4883.00
10486, -0.60, 0.37, 1.10, 57.30, 103.47, -14.08, -450.00, -450.00, -1800.00
10544, -0.63, 0.43, 1.16, 45.09, 39.51, -34.43, -1125.00, -1125.00, -4498.00
10602, -0.56, 0.48, 1.11, -1.07, -47.39, -87.64, -2892.00, -2892.00, -11566.00
10675, -0.55, 0.46, 1.01, 0.05, -48.58, -67.02, -2185.00, -2185.00, -8739.00
10732, -0.55, 0.44, 1.02, 70.09, 43.37, -23.02, -739.00, -739.00, -2956.00
10790, -0.59, 0.46, 1.09, 50.50, 59.76, -52.74, -1735.00, -1735.00, -6940.00
10848, -0.62, 0.51, 1.13, -2.38, 19.43, -18.48, -579.00, -579.00, -2314.00
10906, -0.59, 0.53, 1.05, -61.91, -53.62, 20.66, 674.00, 674.00, 2698.00
10964, -0.59, 0.51, 1.04, -26.74, -39.56, 58.22, 1895.00, 1895.00, 7581.00
11021, -0.57, 0.46, 1.08, -38.97, 3.30, 70.25, 2313.00, 2313.00, 9252.00
11094, -0.56, 0.39, 1.08, -30.77, -10.82, -9.16, -290.00, -290.00, -1157.00
11152, -0.53, 0.45, 1.09, -33.43, -10.74, 17.42, 546.00, 546.00, 2184.00
11210, -0.50, 0.44, 1.08, -28.04, -4.72, 30.46, 995.00, 995.00, 3983.00
11267, -0.53, 0.42, 1.07, 0.49, 25.29, 6.86, 224.00, 224.00, 899.00
11325, -0.53, 0.41, 1.09, -23.96, 24.78, -18.92, -611.00, -611.00, -2442.00
11383, -0.55, 0.47, 1.09, 7.66, -7.65, -82.09, -2699.00, -2699.00, -10795.00
11440, -0.54, 0.45, 1.08, -28.20, -17.75, -17.18, -547.00, -547.00, -2185.00
11513, -0.52, 0.44, 1.09, 6.38, 14.60, -72.18, -2378.00, -2378.00, -9510.00
11571, -0.51, 0.60, 1.06, -53.23, 17.66, -84.73, -2795.00, -2795.00, -11180.00
11629, -0.47, 0.52, 1.05, -102.70, -13.56, 54.86, 1799.00, 1799.00, 7196.00
11687, -0.62, 0.30, 1.08, -28.16, 22.92, 124.51, 4079.00, 4079.00, 16319.00
11745, -0.68, 0.24, 1.22, 65.86, 67.75, 63.79, 2088.00, 2088.00, 8352.00
11802, -0.59, 0.34, 1.17, -24.65, -51.86, -71.81, -2346.00, -2346.00, -9381.00
11875, -0.45, 0.53, 1.02, -82.58, -60.04, -124.51, -4080.00, -4080.00, -16320.00
11933, -0.45, 0.52, 1.02, 23.64, 31.08, 50.37, 1638.00, 1638.00, 6553.00
11991, -0.58, 0.29, 1.12, 76.03, 64.93, 124.51, 4079.00, 4079.00, 16319.00
12048, -0.67, 0.28, 1.16, 5.64, 77.30, -19.65, -643.00, -643.00, -2571.00
12106, -0.58, 0.43, 1.14, -25.48, -13.60, -124.51, -4080.00, -4080.00, -16320.00
12164, -0.54, 0.49, 1.09, -39.28, -47.92, -12.30, -386.00, -386.00, -1543.00
12221, -0.56, 0.44, 1.09, -13.88, -17.97, 29.53, 963.00, 963.00, 3855.00
12294, -0.53, 0.38, 1.12, -51.15, -12.44, 14.79, 481.00, 481.00, 1927.00
12352, -0.50, 0.37, 1.07, -43.75, -2.83, -37.34, -1221.00, -1221.00, -4884.00
12410, -0.47, 0.38, 1.08, -20.22, 40.52, 10.18, 321.00, 321.00, 1285.00
12468, -0.53, 0.36, 1.12, 25.32, 16.02, -21.83, -707.00, -707.00, -2828.00
12526, -0.57, 0.35, 1.11, 3.93, 25.69, -7.26, -225.00, -225.00, -900.00
12584, -0.56, 0.43, 1.12, -5.83, 36.64, -47.55, -1543.00, -1543.00, -6169.00
12641, -0.56, 0.47, 1.13, -10.34, -5.73, -3.78, -97.00, -97.00, -386.00
12714, -0.56, 0.45, 1.13, -85.26, -21.26, 32.50, 1060.00, 1060.00, 4240.00
12772, -0.53, 0.38, 1.12, -97.77, -73.89, 85.92, 2827.00, 2827.00, 11308.00
12830, -0.48, 0.27, 1.08, -55.58, -88.40, 38.52, 1252.00, 1252.00, 5011.00
12888, -0.56, 0.32, 1.08, 18.85, 39.81, -33.90, -1093.00, -1093.00, -4370.00
12946, -0.51, 0.38, 1.19, 2.53, 29.09, -15.19, -482.00, -482.00, -1928.00
13004, -0.58, 0.40, 1.14, -23.00, -31.56, -23.98, -772.00, -772.00, -3085.00
13062, -0.57, 0.42, 1.15, -28.36, -14.10, -11.75, -386.00, -386.00, -1543.00
13135, -0.53, 0.25, 1.16, 1.19, -67.37, 65.66, 2152.00, 2152.00, 8609.00
13193, -0.47, 0.37, 1.14, -22.80, -59.19, -60.12, -1960.00, -1960.00, -7839.00
13251, -0.41, 0.40, 1.14, -22.37, -60.05, -23.15, -739.00, -739.00, -2956.00
13309, -0.39, 0.32, 1.13, -23.18, -33.94, 20.25, 642.00, 642.00, 2570.00
13367, -0.41, 0.34, 1.09, -21.80, 21.11, -47.12, -1543.00, -1543.00, -6169.00
13425, -0.46, 0.40, 1.13, 30.99, 63.83, 26.06, 835.00, 835.00, 3341.00
13483, -0.50, 0.29, 1.21, 46.96, 43.50, 124.51, 4079.00, 4079.00, 16319.00
13522, -0.53, 0.37, 1.21, 7.08, 53.20, -0.07, -1.00, -1.00, -1.00
13579, -0.41, 0.47, 1.15, -103.60, -34.25, -30.13, -964.00, -964.00, -3856.00
13637, -0.43, 0.39, 1.09, -14.17, -32.00, 105.52, 3469.00, 3469.00, 13878.00
13696, -0.50, 0.21, 1.18, 32.06, 61.50, 66.12, 2152.00, 2152.00, 8609.00
13753, -0.50, 0.33, 1.17, -5.56, 20.18, -72.68, -2378.00, -2378.00, -9510.00
13811, -0.42, 0.44, 1.15, -6.39, 32.51, -3.40, -97.00, -97.00, -386.00
13884, -0.47, 0.39, 1.15, 74.60, 16.21, 16.78, 546.00, 546.00, 2184.00
13942, -0.51, 0.54, 1.18, -10.55, 5.83, -59.18, -1928.00, -1928.00, -7711.00
14000, -0.36, 0.33, 1.15, -106.26, -124.51, 121.44, 3983.00, 3983.00, 15934.00
14058, -0.47, 0.11, 1.04, 17.05, 16.31, 58.40, 1927.00, 1927.00, 7710.00
14116, -0.49, 0.36, 1.12, 90.77, 124.51, -124.51, -4080.00, -4080.00, -16320.00
14174, -0.47, 0.54, 1.23, 98.77, 70.00, 3.34, 96.00, 96.00, 385.00
14232, -0.56, 0.50, 1.13, -49.56, -91.23, 28.48, 931.00, 931.00, 3726.00
14305, -0.45, 0.40, 1.10, -79.09, -16.38, 46.19, 1509.00, 1509.00, 6039.00
14363, -0.46, 0.25, 1.11, 5.87, 13.00, 75.03, 2473.00, 2473.00, 9894.00
14421, -0.52, 0.30, 1.07, 20.35, 22.94, -84.06, -2763.00, -2763.00, -11052.00
14479, -0.53, 0.44, 1.13, 82.89, 103.00, -63.10, -2057.00, -2057.00, -8225.00
14537, -0.53, 0.47, 1.16, 62.96, 29.48, -17.82, -579.00, -579.00, -2314.00
14595, -0.52, 0.45, 1.10, 30.50, -26.55, -20.62, -675.00, -675.00, -2699.00
14653, -0.49, 0.43, 1.02, 17.45, -55.02, -7.85, -258.00, -258.00, -1029.00
14726, -0.57, 0.54, 1.12, 62.08, 51.04, -42.64, -1382.00, -1382.00, -5526.00
14784, -0.59, 0.50, 1.14, -42.02, -61.20, 45.93, 1509.00, 1509.00, 6039.00
14842, -0.55, 0.41, 1.04, -32.87, -74.67, 0.66, 0.00, 0.00, 0.00
14899, -0.50, 0.47, 1.06, -15.36, 12.97, -52.23, -1703.00, -1703.00, -6811.00
14957, -0.50, 0.48, 1.11, 18.01, -6.25, 42.37, 1381.00, 1381.00, 5525.00
15015, -0.57, 0.43, 1.09, -1.04, -20.81, -38.87, -1253.00, -1253.00, -5012.00
15073, -0.54, 0.50, 1.09, -21.14, -5.30, -1.03, -33.00, -33.00, -129.00
15146, -0.53, 0.47, 1.08, 19.15, -8.34, 29.09, 931.00, 931.00, 3726.00
15204, -0.51, 0.45, 1.09, -38.74, -2.50, 6.56, 192.00, 192.00, 771.00
15261, -0.53, 0.45, 1.08, 20.47, 4.58, 10.34, 321.00, 321.00, 1285.00
15319, -0.53, 0.49, 1.10, 0.14, 30.27, 3.79, 96.00, 96.00, 385.00
15377, -0.54, 0.48, 1.11, -9.03, 33.24, 9.53, 289.00, 289.00, 1156.00
15435, -0.54, 0.48, 1.10, -28.13, -14.55, -2.58, -65.00, -65.00, -258.00
15492, -0.52, 0.46, 1.07, -6.51, -17.87, 54.02, 1766.00, 1766.00, 7067.00
15565, -0.54, 0.48, 1.09, 5.74, 47.48, -21.12, -675.00, -675.00, -2699.00
15623, -0.53, 0.48, 1.11, 6.22, -10.50, 2.03, 64.00, 64.00, 257.00
15681, -0.52, 0.47, 1.06, -11.96, -11.39, -9.24, -290.00, -290.00, -1157.00
15739, -0.53, 0.46, 1.09, 1.44, 3.46, 22.38, 738.00, 738.00, 2955.00
15796, -0.55, 0.47, 1.10, 18.82, -4.00, -17.03, -547.00, -547.00, -2185.00
15854, -0.53, 0.47, 1.08, -6.04, -10.73, -18.06, -579.00, -579.00, -2314.00
15912, -0.55, 0.49, 1.09, -7.79, 7.91, 11.54, 353.00, 353.00, 1413.00
15985, -0.53, 0.48, 1.09, -1.46, -39.73, -27.85, -900.00, -900.00, -3599.00
16043, -0.53, 0.49, 1.07, 4.39, 10.92, 1.22, 32.00, 32.00, 128.00
16100, -0.54, 0.46, 1.09, -5.55, 3.23, -19.05, -611.00, -611.00, -2442.00
16158, -0.55, 0.48, 1.10, -12.33, 16.90, -29.64, -964.00, -964.00, -3856.00
16216, -0.54, 0.48, 1.09, 4.33, -23.96, -1.54, -33.00, -33.00, -129.00
16274, -0.54, 0.46, 1.07, -24.65, -15.75, 3.94, 128.00, 128.00, 514.00
16332, -0.54, 0.46, 1.10, -6.12, 11.41, -9.49, -290.00, -290.00, -1157.00
16405, -0.54, 0.45, 1.09, -3.56, 22.03, -10.23, -322.00, -322.00, -1286.00
16463, -0.53, 0.47, 1.08, -2.98, 2.98, -23.77, -772.00, -772.00, -3085.00
16521, -0.54, 0.47, 1.09, -9.33, 34.19, -28.83, -932.00, -932.00, -3727.00
16579, -0.54, 0.49, 1.09, 3.56, -9.77, -1.73, -33.00, -33.00, -129.00
16636, -0.53, 0.48, 1.06, -32.63, -11.45, -13.58, -418.00, -418.00, -1671.00
16694, -0.53, 0.47, 1.07, -1.17, -0.23, 19.67, 642.00, 642.00, 2570.00
16752, -0.54, 0.45, 1.08, 1.22, 23.46, -26.17, -836.00, -836.00, -3342.00
16825, -0.54, 0.47, 1.11, -6.50, -25.51, -15.59, -515.00, -515.00, -2057.00
16883, -0.54, 0.46, 1.09, -11.44, 4.95, -4.27, -129.00, -129.00, -515.00
16941, -0.53, 0.47, 1.09, -14.87, -28.42, -14.30, -450.00, -450.00, -1800.00
16999, -0.54, 0.47, 1.09, -16.25, -21.55, -32.19, -1061.00, -1061.00, -4241.00
17057, -0.55, 0.46, 1.09, -31.14, -1.17, -18.16, -579.00, -579.00, -2314.00
17115, -0.54, 0.44, 1.08, -34.10, -8.36, -49.28, -1607.00, -1607.00, -6426.00
17173, -0.52, 0.47, 1.08, -6.68, -5.02, 10.00, 321.00, 321.00, 1285.00
17246, -0.55, 0.46, 1.10, 1.84, 26.86, 12.54, 385.00, 385.00, 1542.00
17304, -0.55, 0.45, 1.12, -22.69, 9.30, -9.01, -290.00, -290.00, -1157.00
17362, -0.55, 0.47, 1.14, -44.41, -27.28, 18.85, 610.00, 610.00, 2441.00
17419, -0.57, 0.57, 1.18, -63.70, -67.21, -13.41, -418.00, -418.00, -1671.00
17477, -0.51, 0.48, 1.22, -124.51, -124.51, 111.01, 3662.00, 3662.00, 14649.00
17535, -0.37, 0.20, 1.03, -124.51, -124.51, 69.13, 2280.00, 2280.00, 9123.00
17594, -0.35, 0.23, 1.01, 6.91, 25.80, -46.62, -1510.00, -1510.00, -6040.00
17667, -0.46, 0.44, 1.25, 30.46, 33.82, -71.11, -2346.00, -2346.00, -9381.00
17725, -0.46, 0.25, 1.27, -58.25, -90.58, -15.76, -515.00, -515.00, -2057.00
17783, -0.39, 0.23, 1.13, -117.25, -113.12, -124.51, -4080.00, -4080.00, -16320.00
17841, -0.42, 0.09, 1.21, 124.51, -42.79, -124.51, -4080.00, -4080.00, -16320.00
17899, -0.39, 0.31, 1.27, 92.56, 110.87, -124.51, -4080.00, -4080.00, -16320.00
17957, -0.53, 0.46, 2.17, -124.51, -124.51, 124.51, 4079.00, 4079.00, 16319.00
18030, 0.25, -0.18, 0.27, 124.51, -124.51, 124.51, 4079.00, 4079.00, 16319.00
18088, 0.11, 0.14, -0.03, 124.51, 124.51, 20.04, 642.00, 642.00, 2570.00
18146, -0.28, 0.88, 1.09, 26.65, 124.51, -124.51, -4080.00, -4080.00, -16320.00
18204, -1.11, 0.68, 3.53, -124.51, 124.51, -124.51, -4080.00, -4080.00, -16320.00
18262, 0.02, 0.17, 0.34, 120.41, -124.51, 124.51, 4079.00, 4079.00, 16319.00
18320, 0.06, -0.08, -0.35, 124.51, 124.51, -100.92, -3309.00, -3309.00, -13236.00
18378, -0.54, 0.75, 1.52, -119.81, 124.51, -124.51, -4080.00, -4080.00, -16320.00
18451, -0.44, 0.51, 1.97, -124.51, -124.51, 124.51, 4079.00, 4079.00, 16319.00
18509, 0.17, 0.17, 0.50, 72.90, -124.51, -69.62, -2281.00, -2281.00, -9124.00
18567, -0.11, 1.25, 1.50, -124.51, 124.51, -8.47, -258.00, -258.00, -1029.00
18625, -0.09, 0.51, 1.44, -124.51, -0.03, -18.64, -611.00, -611.00, -2442.00
18683, -0.18, 0.32, 1.67, -124.51, 43.83, 8.62, 257.00, 257.00, 1028.00
18741, -0.21, 0.20, 1.92, -64.67, 33.40, -124.02, -4080.00, -4080.00, -16320.00
18814, -0.15, 0.23, -0.10, 124.51, -124.51, 113.31, 3726.00, 3726.00, 14906.00
18872, 0.16, -0.27, 2.69, -124.51, -124.51, -70.42, -2314.00, -2314.00, -9253.00
18930, -0.63, 0.00, 2.69, 124.51, 124.51, 124.51, 4079.00, 4079.00, 16319.00
18988, 0.16, 0.47, -1.00, 76.24, -124.51, 113.25, 3726.00, 3726.00, 14906.00
19045, -0.11, -0.23, 3.18, -124.51, -124.51, -124.51, -4080.00, -4080.00, -16320.00
19103, -0.01, 0.04, 0.25, 124.51, 124.51, 124.51, 4079.00, 4079.00, 16319.00
19161, -0.06, 0.04, 2.10, -124.51, -124.51, -124.51, -4080.00, -4080.00, -16320.00
19234, 0.22, 0.59, -0.43, 87.07, -124.51, 1.03, 32.00, 32.00, 128.00
19292, -0.69, -0.11, 2.35, 95.58, 124.51, 102.92, 3373.00, 3373.00, 13492.00
19349, 0.39, 0.41, 0.42, -124.51, -124.51, -124.51, -4080.00, -4080.00, -16320.00
19407, -0.95, -0.03, 1.74, 124.51, 124.51, 124.51, 4079.00, 4079.00, 16319.00
19465, 0.42, 0.25, 0.77, -124.51, -124.51, -124.51, -4080.00, -4080.00, -16320.00
19523, -0.46, 0.02, 0.45, 124.51, 124.51, 124.51, 4079.00, 4079.00, 16319.00
19596, -0.37, -0.24, 3.45, 110.12, 41.37, -124.51, -4080.00, -4080.00, -16320.00
19654, 0.57, 0.28, 0.40, -124.51, -124.51, 20.56, 674.00, 674.00, 2698.00
19712, -0.80, 0.12, -0.01, 124.51, 124.51, 124.51, 4079.00, 4079.00, 16319.00
19770, -0.16, -0.03, 2.22, 124.51, 124.51, -107.05, -3534.00, -3534.00, -14136.00
19828, 0.64, -0.03, 2.75, -124.51, 85.84, -97.43, -3213.00, -3213.00, -12851.00
19886, 0.36, 0.22, -1.60, 124.51, 124.51, 124.51, 4079.00, 4079.00, 16319.00
19943, -1.76, -0.59, 4.90, 124.51, 8.85, 124.51, 4079.00, 4079.00, 16319.00
20016, -0.49, -0.39, 4.51, -124.51, -124.51, -124.51, -4080.00, -4080.00, -16320.00
20074, 1.47, 1.13, -4.69, 124.51, 124.51, 124.51, 4079.00, 4079.00, 16319.00
20132, -1.39, -1.21, 6.87, 124.51, 124.51, 30.26, 995.00, 995.00, 3983.00
20190, 0.89, 0.35, -1.51, -124.51, -124.51, -124.51, -4080.00, -4080.00, -16320.00
20248, 0.10, 0.16, -0.88, 124.51, 124.51, 124.51, 4079.00, 4079.00, 16319.00
20306, -0.93, -0.78, 6.75, -124.51, -74.24, -124.51, -4080.00, -4080.00, -16320.00
20379, 1.13, 0.29, -0.25, -124.51, -124.51, -124.51, -4080.00, -4080.00, -16320.00
20437, 0.27, 0.66, -1.88, 124.51, 124.51, 124.51, 4079.00, 4079.00, 16319.00
20495, -1.28, -1.30, 7.14, -124.51, -124.51, -124.51, -4080.00, -4080.00, -16320.00
20553, 0.98, 0.42, -3.94, -124.51, -124.51, -29.14, -932.00, -932.00, -3727.00
20610, -1.48, -0.47, 4.74, 124.51, 124.51, 124.51, 4079.00, 4079.00, 16319.00
20668, 1.55, 0.34, 0.87, -124.51, -124.51, -124.51, -4080.00, -4080.00, -16320.00
20726, 0.23, 0.51, -2.06, 124.51, 50.08, 124.51, 4079.00, 4079.00, 16319.00
20799, -1.74, -0.73, 5.89, 124.51, 124.51, 124.51, 4079.00, 4079.00, 16319.00
20857, 1.33, 0.12, -1.54, -124.51, -124.51, -124.51, -4080.00, -4080.00, -16320.00
20915, -0.90, 0.20, 0.53, 124.51, -52.08, 124.51, 4079.00, 4079.00, 16319.00
20973, -0.95, -0.96, 6.04, -124.51, -61.77, -124.51, -4080.00, -4080.00, -16320.00
21031, 1.41, 0.71, -4.04, -117.21, -124.51, 124.51, 4079.00, 4079.00, 16319.00
21089, -1.48, -0.30, 4.72, 124.51, 124.51, 124.51, 4079.00, 4079.00, 16319.00
21162, -1.09, -0.60, 4.55, -68.17, 82.60, -124.51, -4080.00, -4080.00, -16320.00
21220, 0.59, 0.49, -1.25, 124.51, 124.51, 47.06, 1542.00, 1542.00, 6168.00
21277, -0.55, -0.04, 3.29, -12.06, -124.51, -124.51, -4080.00, -4080.00, -16320.00
21335, -0.17, -0.03, 0.62, 124.51, -8.37, -11.58, -354.00, -354.00, -1414.00
21393, 0.23, 0.27, 1.41, 124.51, -124.51, 124.51, 4079.00, 4079.00, 16319.00
21451, 0.36, -0.05, 0.69, -124.51, 124.51, 54.65, 1799.00, 1799.00, 7196.00
21509, -0.08, -0.14, 0.96, -91.12, 124.51, -124.51, -4080.00, -4080.00, -16320.00
21582, -0.25, 0.37, 1.45, 63.09, 124.51, 124.51, 4079.00, 4079.00, 16319.00
21639, -0.30, 0.05, 1.45, 72.91, 54.01, 124.51, 4079.00, 4079.00, 16319.00
21697, -0.20, 0.12, 1.15, -124.51, -116.56, 11.64, 353.00, 353.00, 1413.00
21755, -0.25, 0.07, 1.15, -102.45, 124.51, -14.59, -450.00, -450.00, -1800.00
21813, -0.34, 0.24, 1.21, 124.51, 124.51, 124.51, 4079.00, 4079.00, 16319.00
21870, -0.40, 0.24, 1.23, -25.80, 124.51, 124.51, 4079.00, 4079.00, 16319.00
21943, -0.41, 0.09, 1.28, -76.49, 124.51, 124.51, 4079.00, 4079.00, 16319.00
22001, -0.48, 0.04, 1.31, -10.33, 29.87, 22.50, 738.00, 738.00, 2955.00
22059, -0.45, 0.14, 1.17, -34.60, -50.54, -33.85, -1093.00, -1093.00, -4370.00
22117, -0.41, 0.23, 1.10, 9.90, 60.48, 15.33, 481.00, 481.00, 1927.00
22175, -0.44, 0.18, 1.17, 40.22, 124.51, 59.04, 1927.00, 1927.00, 7710.00
22233, -0.56, 0.13, 1.25, 4.45, 73.98, -22.85, -739.00, -739.00, -2956.00
22291, -0.55, 0.18, 1.23, -11.47, -74.72, -30.68, -996.00, -996.00, -3984.00
22364, -0.46, 0.17, 1.13, -6.02, -21.24, -10.89, -354.00, -354.00, -1414.00
22422, -0.51, 0.21, 1.20, 17.06, 6.52, 26.68, 867.00, 867.00, 3469.00
22479, -0.52, 0.13, 1.21, -32.95, -9.50, 1.01, 32.00, 32.00, 128.00
22537, -0.46, 0.16, 1.16, -28.70, -15.44, 16.90, 546.00, 546.00, 2184.00
22595, -0.46, 0.16, 1.20, -0.42, 31.24, -16.51, -515.00, -515.00, -2057.00
22653, -0.50, 0.16, 1.17, 11.07, 3.27, 13.67, 449.00, 449.00, 1799.00
22711, -0.56, 0.17, 1.19, 1.19, 38.30, -6.20, -193.00, -193.00, -772.00
22784, -0.52, 0.16, 1.20, -36.07, -26.95, 15.64, 514.00, 514.00, 2056.00
22842, -0.47, 0.14, 1.16, -45.40, -77.59, -18.90, -611.00, -611.00, -2442.00
22900, -0.44, 0.15, 1.16, 8.41, -7.27, -4.70, -129.00, -129.00, -515.00
22958, -0.52, 0.16, 1.17, 34.13, 98.27, 9.77, 321.00, 321.00, 1285.00
23015, -0.55, 0.15, 1.25, 5.08, 44.38, 13.68, 449.00, 449.00, 1799.00
23073, -0.51, 0.16, 1.20, -3.05, -30.88, 6.18, 192.00, 192.00, 771.00
23131, -0.49, 0.13, 1.17, -58.43, -26.97, 27.92, 899.00, 899.00, 3598.00
23189, -0.46, 0.10, 1.14, -35.46, -4.64, -8.73, -258.00, -258.00, -1029.00
23262, -0.48, 0.14, 1.16, -7.55, 30.55, -15.94, -515.00, -515.00, -2057.00
23320, -0.50, 0.15, 1.21, -21.58, -5.59, -1.21, -33.00, -33.00, -129.00
23378, -0.49, 0.09, 1.20, -36.04, -19.46, -1.77, -33.00, -33.00, -129.00
23436, -0.47, 0.12, 1.18, -13.16, -11.54, -33.30, -1093.00, -1093.00, -4370.00
23494, -0.49, 0.12, 1.17, 1.51, 10.96, 7.52, 224.00, 224.00, 899.00
23551, -0.50, 0.11, 1.21, 2.28, -9.95, -10.87, -354.00, -354.00, -1414.00
23624, -0.48, 0.12, 1.18, -21.97, -35.62, 11.63, 353.00, 353.00, 1413.00
23682, -0.48, 0.12, 1.17, -19.61, 10.97, 12.71, 417.00, 417.00, 1670.00
23740, -0.49, 0.11, 1.20, 19.43, 10.86, -21.49, -707.00, -707.00, -2828.00
23798, -0.48, 0.11, 1.21, -11.45, -9.61, 13.57, 417.00, 417.00, 1670.00
23856, -0.46, 0.13, 1.17, -7.63, 13.11, -12.93, -418.00, -418.00, -1671.00
23914, -0.50, 0.10, 1.18, -4.51, -15.74, 4.00, 128.00, 128.00, 514.00
23972, -0.49, 0.11, 1.23, -62.17, -33.11, 59.67, 1959.00, 1959.00, 7838.00
24045, -0.45, 0.11, 1.16, -34.09, -1.78, -44.44, -1446.00, -1446.00, -5783.00
24103, -0.51, 0.11, 1.19, -2.04, -16.13, -11.57, -354.00, -354.00, -1414.00
24161, -0.49, 0.14, 1.19, 8.49, 17.66, 36.61, 1188.00, 1188.00, 4754.00
24219, -0.50, 0.11, 1.19, -11.24, 11.54, -0.84, -1.00, -1.00, -1.00
24276, -0.50, 0.12, 1.19, -16.39, -14.90, -21.29, -675.00, -675.00, -2699.00
24334, -0.49, 0.10, 1.20, 4.90, -3.97, 11.89, 385.00, 385.00, 1542.00
24392, -0.50, 0.14, 1.16, -7.11, 0.13, -28.53, -932.00, -932.00, -3727.00
24465, -0.53, 0.11, 1.19, 6.50, 23.49, 20.98, 674.00, 674.00, 2698.00
24523, -0.51, 0.10, 1.21, -36.37, -28.46, -11.23, -354.00, -354.00, -1414.00
24581, -0.50, 0.12, 1.17, -29.41, -35.08, -13.70, -450.00, -450.00, -1800.00
24639, -0.48, 0.14, 1.15, 12.51, 18.97, -27.08, -868.00, -868.00, -3470.00
24697, -0.50, 0.14, 1.19, 29.56, -0.68, 36.24, 1188.00, 1188.00, 4754.00
24755, -0.49, 0.11, 1.18, 0.71, -0.01, -4.53, -129.00, -129.00, -515.00
24812, -0.49, 0.13, 1.17, -30.86, 9.70, 13.89, 449.00, 449.00, 1799.00
24885, -0.51, 0.09, 1.18, -8.34, 7.39, 5.08, 160.00, 160.00, 642.00
24943, -0.50, 0.09, 1.20, -41.16, -18.78, -3.34, -97.00, -97.00, -386.00
25001, -0.48, 0.11, 1.18, -1.34, 0.46, 17.56, 578.00, 578.00, 2313.00
25058, -0.51, 0.11, 1.19, -6.64, -1.88, -1.66, -33.00, -33.00, -129.00
25116, -0.49, 0.11, 1.18, -7.49, -15.02, 0.24, 0.00, 0.00, 0.00
25178, -0.50, 0.13, 1.18, -0.09, 0.33, 6.22, 192.00, 192.00, 771.00
25236, -0.51, 0.11, 1.18, -1.82, -13.07, 30.19, 995.00, 995.00, 3983.00
25294, -0.47, 0.10, 1.19, -18.91, -12.62, -3.88, -97.00, -97.00, -386.00
25367, -0.48, 0.11, 1.15, 6.79, 15.74, -22.59, -739.00, -739.00, -2956.00
25425, -0.55, 0.18, 1.19, -3.15, 23.82, 27.34, 899.00, 899.00, 3598.00
25483, -0.52, 0.08, 1.21, -23.25, -14.84, 64.23, 2120.00, 2120.00, 8481.00
25540, -0.47, 0.10, 1.14, -40.24, 15.98, -25.33, -836.00, -836.00, -3342.00
25598, -0.45, 0.06, 1.15, 27.47, 19.45, -6.46, -193.00, -193.00, -772.00
25656, -0.53, 0.13, 1.17, 2.05, 76.88, -35.51, -1157.00, -1157.00, -4627.00
25714, -0.56, 0.15, 1.23, 4.80, 12.57, 12.58, 385.00, 385.00, 1542.00
25787, -0.48, 0.06, 1.16, -11.26, -41.27, 2.49, 64.00, 64.00, 257.00
25844, -0.48, 0.09, 1.15, -16.96, 27.38, 6.95, 224.00, 224.00, 899.00
25902, -0.51, 0.10, 1.21, -2.74, 44.73, -33.77, -1093.00, -1093.00, -4370.00
25960, -0.53, 0.12, 1.21, -2.49, -2.81, -23.82, -772.00, -772.00, -3085.00
26018, -0.50, 0.12, 1.18, -32.95, -32.65, -13.37, -418.00, -418.00, -1671.00
26076, -0.50, 0.11, 1.16, 1.62, 11.23, -12.40, -386.00, -386.00, -1543.00
26134, -0.53, 0.12, 1.20, -6.19, 16.58, 0.31, 0.00, 0.00, 0.00
26207, -0.53, 0.13, 1.19, 20.42, -25.05, 14.30, 449.00, 449.00, 1799.00
26264, -0.47, 0.06, 1.18, -28.84, -52.38, -3.59, -97.00, -97.00, -386.00
26322, -0.51, 0.11, 1.15, 17.27, 33.96, -12.62, -386.00, -386.00, -1543.00
26380, -0.53, 0.15, 1.23, 21.86, 44.35, 17.42, 546.00, 546.00, 2184.00
26438, -0.49, 0.10, 1.19, -30.19, -53.09, 28.38, 931.00, 931.00, 3726.00
26496, -0.47, 0.09, 1.11, -11.85, -22.53, -17.09, -547.00, -547.00, -2185.00
26554, -0.53, 0.13, 1.22, 38.07, 52.19, -19.62, -643.00, -643.00, -2571.00
26627, -0.51, 0.13, 1.21, -32.38, -50.07, -57.02, -1864.00, -1864.00, -7454.00
26685, -0.45, 0.08, 1.17, -35.53, -25.94, -37.57, -1221.00, -1221.00, -4884.00
26743, -0.48, 0.10, 1.15, 12.48, 11.00, -14.47, -450.00, -450.00, -1800.00
26801, -0.48, 0.07, 1.20, -17.89, 29.88, 4.89, 160.00, 160.00, 642.00
26859, -0.50, 0.08, 1.23, 16.57, -39.41, -29.32, -964.00, -964.00, -3856.00
26917, -0.47, 0.03, 1.23, 15.29, 7.19, -68.43, -2249.00, -2249.00, -8996.00
26975, -0.44, -0.04, 1.23, 37.29, -35.82, -101.97, -3342.00, -3342.00, -13365.00
27048, -0.50, -0.06, 1.28, 47.42, -100.24, -124.51, -4080.00, -4080.00, -16320.00
27106, -0.47, 0.00, 1.20, 96.14, -124.51, -124.51, -4080.00, -4080.00, -16320.00
27164, -0.41, 0.13, 1.13, 85.68, -97.18, -124.51, -4080.00, -4080.00, -16320.00
27222, -0.55, 0.49, 1.20, 13.03, -124.51, -124.51, -4080.00, -4080.00, -16320.00
27280, -0.25, 0.20, 1.04, 124.51, -36.48, 2.42, 64.00, 64.00, 257.00
27338, -0.33, 0.01, 1.29, 66.37, 67.45, 56.65, 1863.00, 1863.00, 7453.00
27411, -0.43, 0.29, 1.49, -81.20, -124.51, -124.51, -4080.00, -4080.00, -16320.00
27469, -0.40, 0.34, 1.14, 124.51, -124.51, 64.88, 2120.00, 2120.00, 8481.00
27527, -0.20, 0.42, 0.94, 59.66, -124.51, 124.51, 4079.00, 4079.00, 16319.00
27585, 0.04, 0.25, 0.94, -41.07, 37.26, 124.51, 4079.00, 4079.00, 16319.00
27643, -0.05, -0.06, 1.29, 124.51, 124.51, 124.51, 4079.00, 4079.00, 16319.00
27701, -0.23, 0.09, 1.44, -69.74, 19.81, -49.64, -1639.00, -1639.00, -6554.00
27759, -0.17, 0.27, 1.32, -124.51, -124.51, -124.51, -4080.00, -4080.00, -16320.00
27833, -0.02, 0.30, 1.13, -18.48, -82.66, -4.01, -129.00, -129.00, -515.00
27890, -0.06, 0.14, 1.21, -52.45, 39.99, 39.35, 1285.00, 1285.00, 5140.00
27948, -0.08, 0.13, 1.24, -17.86, 53.69, -68.30, -2249.00, -2249.00, -8996.00
28006, -0.15, 0.13, 1.31, 12.19, 12.13, -18.07, -579.00, -579.00, -2314.00
