2289, 0.87, -0.05, -0.93, 124.51, 95.14, 124.51, 4079.00, 4079.00, 16319.00
2464, 0.72, -0.34, -0.76, -124.51, 104.42, 124.51, 4079.00, 4079.00, 16319.00
2521, 0.89, -0.05, -0.90, -42.55, -39.60, -104.34, -3438.00, -3438.00, -13750.00
2579, 0.92, -0.22, -0.74, 124.51, 61.48, 124.51, 4079.00, 4079.00, 16319.00
2636, 0.81, -0.39, -0.93, 34.50, -124.51, 124.51, 4079.00, 4079.00, 16319.00
2694, 0.71, -0.51, -1.00, 17.75, -124.51, 124.51, 4079.00, 4079.00, 16319.00
2751, 0.72, -0.64, -1.04, -124.51, -17.70, 124.51, 4079.00, 4079.00, 16319.00
2824, 0.56, -0.29, -0.99, -124.51, -104.24, 124.51, 4079.00, 4079.00, 16319.00
2881, 0.74, -0.57, -1.06, -124.51, -124.51, 124.51, 4079.00, 4079.00, 16319.00
2939, 0.64, -0.37, -1.05, -54.21, -124.51, 69.35, 2280.00, 2280.00, 9123.00
2996, 0.39, -0.53, -1.15, 9.69, -124.51, 28.78, 931.00, 931.00, 3726.00
3054, 0.34, -0.47, -1.17, -124.51, -124.51, 124.51, 4079.00, 4079.00, 16319.00
3112, 0.20, -0.42, -1.06, -124.51, -124.51, 124.51, 4079.00, 4079.00, 16319.00
3169, 0.15, -0.42, -1.15, -124.51, -124.51, 124.51, 4079.00, 4079.00, 16319.00
3242, -0.12, -0.17, -1.29, -41.68, -36.75, 71.36, 2345.00, 2345.00, 9380.00
3299, 0.01, -0.24, -1.09, 124.51, 124.51, -124.51, -4080.00, -4080.00, -16320.00
3357, 0.12, -0.34, -1.18, 124.51, 124.51, -124.51, -4080.00, -4080.00, -16320.00
3415, 0.40, -0.55, -1.17, 124.51, 124.51, -124.51, -4080.00, -4080.00, -16320.00
3472, 0.52, -0.69, -1.02, 124.51, -69.21, -50.56, -1639.00, -1639.00, -6554.00
3530, 0.39, -0.67, -1.07, -23.16, -124.51, -46.40, -1510.00, -1510.00, -6040.00
3602, 0.35, -0.61, -1.05, -44.12, -74.62, -36.31, -1189.00, -1189.00, -4755.00
3660, 0.31, -0.49, -1.02, -98.90, -7.99, -47.04, -1543.00, -1543.00, -6169.00
3717, 0.39, -0.46, -1.04, -124.51, -124.51, 124.51, 4079.00, 4079.00, 16319.00
3775, 0.21, -0.49, -1.30, -124.51, -98.60, 124.51, 4079.00, 4079.00, 16319.00
3833, 0.26, -0.47, -1.16, -124.51, -115.86, 124.51, 4079.00, 4079.00, 16319.00
3890, 0.10, -0.37, -1.18, -118.05, -124.51, 124.51, 4079.00, 4079.00, 16319.00
3948, 0.01, -0.44, -1.23, 6.60, -124.51, 124.51, 4079.00, 4079.00, 16319.00
4020, -0.11, -0.36, -1.28, -14.46, -11.86, 123.00, 4047.00, 4047.00, 16191.00
4078, -0.01, -0.51, -1.20, 75.89, 124.51, 113.59, 3726.00, 3726.00, 14906.00
4136, -0.21, -0.76, -1.29, -113.29, 119.41, 124.51, 4079.00, 4079.00, 16319.00
4193, -0.10, -0.58, -1.43, -124.51, 124.51, 124.51, 4079.00, 4079.00, 16319.00
4251, 0.15, -0.35, -1.27, 63.48, -124.51, 124.51, 4079.00, 4079.00, 16319.00
4308, -0.21, 0.17, -0.80, 124.51, -124.51, 124.51, 4079.00, 4079.00, 16319.00
4381, -0.69, -0.35, -1.17, 30.65, 39.35, 124.51, 4079.00, 4079.00, 16319.00
4438, 0.10, -0.73, -1.17, 1.24, -114.31, 124.51, 4079.00, 4079.00, 16319.00
4496, -0.70, -0.59, -1.19, -124.51, -105.87, 124.51, 4079.00, 4079.00, 16319.00
4554, -0.49, -0.38, -1.24, 11.27, 21.38, 98.35, 3244.00, 3244.00, 12978.00
4611, -0.38, -0.46, -1.16, 31.59, 124.51, -124.51, -4080.00, -4080.00, -16320.00
4669, -0.07, -0.25, -1.18, 124.51, 41.01, -90.77, -2988.00, -2988.00, -11951.00
4726, -0.33, -0.47, -1.12, 54.41, 124.51, 124.51, 4079.00, 4079.00, 16319.00
4799, -0.21, -0.57, -1.13, -124.51, -18.74, 124.51, 4079.00, 4079.00, 16319.00
4856, -0.27, -0.52, -1.19, -124.51, -77.29, 124.51, 4079.00, 4079.00, 16319.00
4914, -0.32, -0.07, -1.53, -124.51, -110.35, 124.51, 4079.00, 4079.00, 16319.00
4972, -0.50, -0.42, -1.24, -124.51, 50.56, 124.51, 4079.00, 4079.00, 16319.00
5029, -0.15, 0.42, -1.70, -95.45, 123.50, 124.51, 4079.00, 4079.00, 16319.00
5087, -0.60, 0.06, -1.25, -58.84, 124.51, 108.32, 3565.00, 3565.00, 14263.00
5159, 0.05, 0.26, -0.88, 124.51, -40.68, 124.51, 4079.00, 4079.00, 16319.00
5217, -0.62, 0.32, -1.14, 124.51, 78.61, 124.51, 4079.00, 4079.00, 16319.00
5274, 0.85, -1.26, -2.00, -124.51, -82.65, 41.23, 1349.00, 1349.00, 5397.00
5332, -0.35, -0.03, -1.18, -124.51, 79.98, 124.51, 4079.00, 4079.00, 16319.00
5389, -0.39, -0.01, -1.33, 124.51, -93.27, 77.09, 2537.00, 2537.00, 10151.00
5447, -0.07, -0.07, -1.36, 124.51, -124.51, -55.18, -1800.00, -1800.00, -7197.00
5504, -0.54, -0.13, -1.20, 124.51, -110.28, 55.26, 1799.00, 1799.00, 7196.00
5577, -0.44, -0.40, -1.14, 108.19, -124.51, -20.33, -643.00, -643.00, -2571.00
5634, -0.35, -0.39, -1.12, -5.34, -124.51, -98.03, -3213.00, -3213.00, -12851.00
5691, -0.40, -0.35, -1.02, -78.63, -124.51, -124.51, -4080.00, -4080.00, -16320.00
5749, -0.60, -0.18, -1.05, -16.26, -124.51, -124.51, -4080.00, -4080.00, -16320.00
5806, -0.74, -0.39, -1.15, 42.75, -69.14, -124.51, -4080.00, -4080.00, -16320.00
5864, -0.68, -0.53, -1.03, 31.97, -91.91, -124.51, -4080.00, -4080.00, -16320.00
5936, -0.67, -0.54, -0.97, 9.95, 56.31, 50.45, 1638.00, 1638.00, 6553.00
5994, -0.64, -0.45, -0.96, -77.92, 124.51, 124.51, 4079.00, 4079.00, 16319.00
6051, -0.69, -0.45, -0.98, -124.51, 124.51, 124.51, 4079.00, 4079.00, 16319.00
6109, -0.53, -0.20, -1.19, -124.51, 124.51, 124.51, 4079.00, 4079.00, 16319.00
6167, -0.48, -0.10, -1.23, -124.10, 124.51, 124.51, 4079.00, 4079.00, 16319.00
6224, -0.37, 0.03, -1.15, -17.50, 73.76, 87.96, 2891.00, 2891.00, 11565.00
6282, -0.33, -0.16, -1.32, 78.71, 124.51, 111.24, 3662.00, 3662.00, 14649.00
6355, 0.08, 0.08, -1.07, 124.51, 124.51, -70.62, -2314.00, -2314.00, -9253.00
6412, 0.04, 0.15, -1.06, 124.51, -124.51, 124.51, 4079.00, 4079.00, 16319.00
6470, 0.14, -0.80, -1.31, 124.51, -124.51, 124.51, 4079.00, 4079.00, 16319.00
6527, -0.45, -0.05, -1.25, 124.51, 112.02, 97.49, 3212.00, 3212.00, 12850.00
6585, -0.17, -0.28, -1.27, -124.51, 124.51, 124.51, 4079.00, 4079.00, 16319.00
6643, -0.28, -0.25, -1.32, -30.00, 124.51, 124.51, 4079.00, 4079.00, 16319.00
6700, -0.13, -0.34, -1.19, -112.87, -8.80, 124.51, 4079.00, 4079.00, 16319.00
6773, -0.32, -0.05, -1.18, -113.95, 124.51, 124.51, 4079.00, 4079.00, 16319.00
6830, -0.07, -0.12, -1.34, -124.51, -13.90, 67.88, 2216.00, 2216.00, 8866.00
6888, -0.04, -0.04, -1.32, -37.59, -124.51, -12.65, -386.00, -386.00, -1543.00
6946, -0.25, 0.02, -1.37, 103.58, -124.51, -124.51, -4080.00, -4080.00, -16320.00
7003, -0.18, -0.11, -1.28, 124.51, -124.51, 124.51, 4079.00, 4079.00, 16319.00
7061, -0.54, -0.05, -1.23, 124.51, 51.70, 6.77, 192.00, 192.00, 771.00
7133, -0.69, -0.04, -1.07, 124.51, 124.51, 124.51, 4079.00, 4079.00, 16319.00
7191, 0.27, -0.32, -1.29, -66.37, 124.51, 124.51, 4079.00, 4079.00, 16319.00
7249, -0.25, -0.15, -1.35, -124.51, 105.98, 124.51, 4079.00, 4079.00, 16319.00
7306, 0.07, -0.11, -1.18, -78.37, 124.51, 124.51, 4079.00, 4079.00, 16319.00
7364, 0.35, -0.07, -1.15, -35.98, 64.41, 124.51, 4079.00, 4079.00, 16319.00
7421, 0.11, -0.04, -1.09, 124.51, -64.83, -27.24, -868.00, -868.00, -3470.00
7479, -0.13, -0.43, -1.45, 124.51, -124.51, 26.20, 835.00, 835.00, 3341.00
7552, -0.16, -0.06, -1.20, -124.51, -47.45, 124.51, 4079.00, 4079.00, 16319.00
7609, -0.01, 0.06, -1.27, -124.51, 124.51, 124.51, 4079.00, 4079.00, 16319.00
7667, -0.09, 0.00, -1.32, -124.51, 124.51, 124.51, 4079.00, 4079.00, 16319.00
7724, 0.00, 0.07, -1.42, -48.52, 124.51, 124.51, 4079.00, 4079.00, 16319.00
7782, 0.20, 0.09, -1.37, 124.51, 89.61, 124.51, 4079.00, 4079.00, 16319.00
7839, 0.10, -0.25, -1.23, 92.85, 106.20, 124.51, 4079.00, 4079.00, 16319.00
7912, -0.05, -0.40, -1.16, 124.51, 93.80, 124.51, 4079.00, 4079.00, 16319.00
7970, 0.14, -0.31, -0.90, -32.01, -20.52, 124.51, 4079.00, 4079.00, 16319.00
8027, -0.02, -0.10, -1.36, -124.51, -124.51, 66.68, 2184.00, 2184.00, 8738.00
8085, -0.06, -0.22, -1.21, -104.18, -124.51, 106.34, 3501.00, 3501.00, 14006.00
8142, -0.25, -0.22, -1.13, -70.91, 124.51, 124.51, 4079.00, 4079.00, 16319.00
8200, -0.09, -0.16, -1.23, 47.29, 124.51, 124.51, 4079.00, 4079.00, 16319.00
8257, 0.10, -0.07, -1.32, -68.91, 124.51, -31.84, -1029.00, -1029.00, -4113.00
8330, -0.01, -0.04, -1.28, 40.38, 124.51, -103.34, -3406.00, -3406.00, -13622.00
8387, 0.22, -0.05, -1.30, 38.82, -124.51, -103.61, -3406.00, -3406.00, -13622.00
8445, 0.36, -0.35, -1.43, 124.51, -124.51, 124.51, 4079.00, 4079.00, 16319.00
8503, -0.26, -0.14, -1.40, 21.97, -124.51, 124.51, 4079.00, 4079.00, 16319.00
8560, 0.04, -0.03, -1.37, -46.83, -83.83, 124.51, 4079.00, 4079.00, 16319.00
8618, -0.06, -0.27, -1.30, 88.21, 124.51, -1.35, -33.00, -33.00, -129.00
8675, -0.03, -0.29, -1.26, 102.58, 20.54, 34.29, 1124.00, 1124.00, 4497.00
8748, 0.06, -0.28, -1.23, 59.03, -14.95, 87.10, 2859.00, 2859.00, 11436.00
8805, -0.15, -0.35, -1.14, -70.62, 93.02, 76.76, 2505.00, 2505.00, 10023.00
8867, -0.10, -0.29, -1.27, -124.51, 22.03, 10.91, 353.00, 353.00, 1413.00
8924, -0.05, -0.06, -1.33, -124.51, 5.13, 36.94, 1188.00, 1188.00, 4754.00
8982, 0.04, -0.04, -1.40, -108.13, 74.82, 63.62, 2088.00, 2088.00, 8352.00
9039, 0.03, -0.01, -1.38, -55.00, 124.51, 23.83, 771.00, 771.00, 3084.00
9111, 0.08, -0.05, -1.28, -124.51, -28.96, -12.85, -418.00, -418.00, -1671.00
9168, 0.06, -0.09, -1.28, -124.51, -124.51, -51.95, -1703.00, -1703.00, -6811.00
9226, 0.09, -0.05, -1.16, -124.51, -124.51, -52.48, -1703.00, -1703.00, -6811.00
9283, -0.12, 0.05, -1.24, -124.51, -124.51, -9.90, -322.00, -322.00, -1286.00
9340, -0.06, 0.20, -1.34, -124.51, -124.51, 70.10, 2313.00, 2313.00, 9252.00
9398, -0.16, 0.54, -1.35, -114.47, -54.02, 64.77, 2120.00, 2120.00, 8481.00
9455, -0.12, 0.52, -1.25, -95.05, -79.02, 29.99, 963.00, 963.00, 3855.00
9527, -0.21, 0.49, -1.12, 100.34, 47.59, 10.78, 353.00, 353.00, 1413.00
9585, -0.14, 0.27, -1.06, 124.51, 50.24, 3.21, 96.00, 96.00, 385.00
9642, -0.08, 0.21, -0.83, 124.51, 124.51, -13.84, -450.00, -450.00, -1800.00
9699, -0.01, 0.15, -0.97, 39.67, 97.58, 120.70, 3983.00, 3983.00, 15934.00
9757, -0.07, 0.16, -1.55, 99.11, 124.51, 31.46, 1028.00, 1028.00, 4112.00
9814, 0.02, 0.12, -1.43, -28.61, 38.42, 32.31, 1060.00, 1060.00, 4240.00
9871, 0.01, 0.22, -1.53, -0.59, -1.48, 59.61, 1959.00, 1959.00, 7838.00
9943, 0.02, 0.21, -1.36, -79.80, -34.26, 95.56, 3148.00, 3148.00, 12593.00
10001, 0.07, 0.21, -1.26, 10.14, -19.78, 35.09, 1156.00, 1156.00, 4626.00
10058, 0.01, 0.08, -1.25, 41.56, 51.46, 14.22, 449.00, 449.00, 1799.00
10115, 0.05, 0.09, -1.30, 75.57, 58.28, 19.83, 642.00, 642.00, 2570.00
10173, 0.07, 0.07, -1.33, 48.34, 3.61, 29.78, 963.00, 963.00, 3855.00
10230, 0.02, 0.10, -1.35, 100.96, 2.40, 41.44, 1349.00, 1349.00, 5397.00
10287, 0.01, 0.05, -1.34, 18.32, -36.81, 8.25, 257.00, 257.00, 1028.00
10359, 0.01, 0.04, -1.30, 124.51, -77.01, -69.81, -2281.00, -2281.00, -9124.00
10417, -0.04, -0.05, -1.25, 46.65, -124.51, -124.51, -4080.00, -4080.00, -16320.00
10474, -0.07, -0.10, -1.22, 2.76, -124.51, -86.54, -2828.00, -2828.00, -11309.00
10531, -0.24, -0.06, -1.26, -106.65, -76.81, -9.32, -290.00, -290.00, -1157.00
10589, -0.23, 0.04, -1.26, -56.83, 81.28, 66.24, 2184.00, 2184.00, 8738.00
10646, -0.11, 0.03, -1.29, -28.53, 124.51, 94.21, 3084.00, 3084.00, 12336.00
10703, -0.09, 0.04, -1.26, 27.83, 71.70, 9.45, 289.00, 289.00, 1156.00
10776, -0.05, -0.05, -1.26, -11.99, 88.41, 46.03, 1509.00, 1509.00, 6039.00
10833, 0.06, -0.04, -1.20, -3.85, 20.16, 45.70, 1477.00, 1477.00, 5911.00
10890, 0.00, -0.01, -1.13, -47.27, -46.47, -17.94, -579.00, -579.00, -2314.00
10948, -0.02, -0.04, -1.01, -93.59, 34.16, -18.26, -579.00, -579.00, -2314.00
11005, -0.02, 0.11, -1.20, -124.51, 61.32, 69.73, 2280.00, 2280.00, 9123.00
11062, 0.05, 0.20, -1.56, -124.51, 52.77, 67.50, 2216.00, 2216.00, 8866.00
11135, -0.10, 0.13, -2.78, 23.71, -75.07, 14.27, 449.00, 449.00, 1799.00
11192, -0.04, 0.29, -3.18, 124.51, -77.17, -5.54, -161.00, -161.00, -643.00
11249, 0.05, 0.56, -2.31, 124.51, -124.51, -22.60, -739.00, -739.00, -2956.00
11307, 0.11, 0.02, -0.04, 124.51, -124.51, -49.19, -1607.00, -1607.00, -6426.00
11364, -0.11, -0.06, 2.14, 124.51, 124.51, 53.30, 1734.00, 1734.00, 6939.00
11421, 0.00, 0.53, 2.26, -124.51, 124.51, 2.33, 64.00, 64.00, 257.00
11479, 0.21, 1.23, 1.43, -124.51, 124.51, -97.68, -3213.00, -3213.00, -12851.00
11551, 0.86, 2.19, -3.67, -124.51, 124.51, -97.18, -3181.00, -3181.00, -12722.00
11608, 0.93, 0.22, -9.50, -124.51, -124.51, -124.51, -4080.00, -4080.00, -16320.00
11666, -0.08, 1.06, -6.40, 124.51, -124.51, -4.05, -129.00, -129.00, -515.00
11723, 1.51, 3.36, 1.20, 124.51, -124.51, -124.51, -4080.00, -4080.00, -16320.00
11780, 0.46, 5.10, 7.14, 124.51, 124.51, -124.51, -4080.00, -4080.00, -16320.00
11837, 0.27, 1.70, 3.94, -124.51, 124.51, -124.51, -4080.00, -4080.00, -16320.00
11910, -0.81, 1.56, -13.69, -124.51, 124.51, 124.51, 4079.00, 4079.00, 16319.00
11967, 1.31, 1.07, -7.41, 124.51, -124.51, -92.05, -3020.00, -3020.00, -12080.00
12025, 1.48, 6.42, 5.84, 124.51, -124.51, 124.51, 4079.00, 4079.00, 16319.00
12082, 0.33, 3.31, 8.58, -124.51, 124.51, -57.25, -1864.00, -1864.00, -7454.00
12140, 1.33, 2.94, -9.92, -124.51, -124.51, -124.51, -4080.00, -4080.00, -16320.00
12197, -1.23, 0.72, -13.09, 124.51, 53.40, 62.45, 2056.00, 2056.00, 8224.00
12255, 2.00, 5.58, 4.57, 124.51, -124.51, -124.51, -4080.00, -4080.00, -16320.00
12327, 0.32, 2.56, 7.75, -124.51, 124.51, -124.51, -4080.00, -4080.00, -16320.00
12385, 1.13, 3.93, -16.51, -124.51, -124.51, -124.51, -4080.00, -4080.00, -16320.00
12442, 0.87, 0.44, -6.33, 124.51, -124.51, 110.33, 3630.00, 3630.00, 14520.00
12500, 2.03, 5.10, 9.92, 124.51, -124.51, 124.51, 4079.00, 4079.00, 16319.00
12557, 0.51, 2.29, 5.79, -124.51, 124.51, -124.51, -4080.00, -4080.00, -16320.00
12615, -3.34, 5.09, -19.10, -124.51, -55.75, 124.51, 4079.00, 4079.00, 16319.00
12688, 2.52, 3.84, 1.32, 124.51, -124.51, -124.51, -4080.00, -4080.00, -16320.00
12745, 1.55, 5.78, 11.59, -124.51, 124.51, 124.51, 4079.00, 4079.00, 16319.00
12803, 1.19, 4.66, -7.48, -124.51, 124.51, -124.51, -4080.00, -4080.00, -16320.00
12861, -0.39, -1.53, -13.66, 124.51, 124.51, -45.70, -1478.00, -1478.00, -5912.00
12918, 2.80, 6.29, 8.15, 124.51, -124.51, 124.51, 4079.00, 4079.00, 16319.00
12976, -0.15, 2.25, 9.35, -124.51, 124.51, -123.15, -4048.00, -4048.00, -16192.00
13033, -4.22, 7.01, -19.41, -124.51, -103.31, 124.51, 4079.00, 4079.00, 16319.00
13106, 2.61, 3.63, -0.68, 124.51, -124.51, -117.76, -3888.00, -3888.00, -15549.00
13164, 1.93, 6.87, 11.37, -124.51, -83.07, 124.51, 4079.00, 4079.00, 16319.00
13221, 0.72, 5.15, 3.02, -124.51, 124.51, -124.51, -4080.00, -4080.00, -16320.00
13279, -1.41, 5.30, -19.74, -124.51, -31.63, 124.51, 4079.00, 4079.00, 16319.00
13336, 2.36, 0.94, -6.56, 124.51, -124.51, -103.72, -3406.00, -3406.00, -13622.00
13394, 2.08, 8.06, 9.49, 124.51, -124.51, 124.51, 4079.00, 4079.00, 16319.00
13467, 0.60, 1.44, 2.68, -124.51, 124.51, 124.51, 4079.00, 4079.00, 16319.00
13524, -5.96, 3.46, -17.90, 124.51, -124.51, 31.30, 1028.00, 1028.00, 4112.00
13582, 1.65, 2.84, 1.81, 124.51, 124.51, -124.51, -4080.00, -4080.00, -16320.00
13639, -0.02, 7.13, 10.80, -124.51, 121.98, -51.64, -1703.00, -1703.00, -6811.00
13697, 1.85, 5.38, -3.38, -124.51, -124.51, 124.51, 4079.00, 4079.00, 16319.00
13754, -2.96, 2.42, -16.92, 124.51, 124.51, -124.51, -4080.00, -4080.00, -16320.00
13827, 1.79, 4.67, -0.79, 124.51, -124.51, -124.51, -4080.00, -4080.00, -16320.00
13885, 3.02, 7.51, 9.80, 108.09, 18.13, 124.51, 4079.00, 4079.00, 16319.00
13942, 0.33, 3.11, 4.64, -124.51, 124.51, -124.51, -4080.00, -4080.00, -16320.00
14000, -2.49, 5.26, -18.13, -124.51, -124.51, 59.30, 1927.00, 1927.00, 7710.00
14057, 0.34, 0.35, -7.06, 124.51, -124.51, -124.51, -4080.00, -4080.00, -16320.00
14115, 1.31, 8.26, 6.18, 124.51, -30.59, -124.51, -4080.00, -4080.00, -16320.00
14172, 0.56, 3.72, 10.48, -124.51, 124.51, 124.51, 4079.00, 4079.00, 16319.00
14245, 0.80, 5.92, -14.61, -124.51, -124.51, 43.45, 1413.00, 1413.00, 5654.00
14303, -0.92, -0.27, -8.21, 124.51, -124.51, -124.51, -4080.00, -4080.00, -16320.00
14360, 1.41, 3.78, -2.07, 124.51, -124.51, -124.51, -4080.00, -4080.00, -16320.00
14418, 1.12, 5.30, 10.16, 124.51, -15.05, 66.38, 2184.00, 2184.00, 8738.00
14475, 0.70, 4.10, 6.43, -124.51, 124.51, 12.68, 417.00, 417.00, 1670.00
14533, -1.39, 7.66, -13.97, -124.51, -124.51, -124.51, -4080.00, -4080.00, -16320.00
14605, -1.56, 0.24, -3.71, 124.51, -124.51, 124.51, 4079.00, 4079.00, 16319.00
14663, 1.36, 0.74, 1.31, 124.51, 124.51, -124.51, -4080.00, -4080.00, -16320.00
14720, 0.25, 0.55, 0.92, 124.51, 85.61, -124.51, -4080.00, -4080.00, -16320.00
14778, 0.03, 0.23, -0.40, -7.01, 124.51, -124.51, -4080.00, -4080.00, -16320.00
14835, -0.01, -0.31, -1.13, -124.51, 115.67, -39.41, -1286.00, -1286.00, -5141.00
14893, -0.05, -0.45, -1.53, -124.51, -16.06, 67.82, 2216.00, 2216.00, 8866.00
14950, 0.02, -0.18, -1.77, -79.88, -17.84, 99.70, 3276.00, 3276.00, 13107.00
15023, 0.04, -0.21, -1.35, -13.12, -22.06, 31.00, 995.00, 995.00, 3983.00
15080, 0.00, -0.08, -1.30, -103.20, -78.46, -44.18, -1446.00, -1446.00, -5783.00
15138, -0.04, -0.08, -1.25, -54.13, -58.51, 20.69, 674.00, 674.00, 2698.00
15195, -0.01, -0.07, -1.26, -60.06, 28.74, 18.88, 610.00, 610.00, 2441.00
15252, -0.03, -0.03, -1.20, -32.63, 0.97, 35.89, 1156.00, 1156.00, 4626.00
15310, 0.01, -0.06, -1.23, -53.95, 118.64, 14.97, 481.00, 481.00, 1927.00
15367, 0.04, 0.01, -1.14, -123.51, 59.80, 20.69, 674.00, 674.00, 2698.00
15440, 0.15, 0.09, -1.24, -124.51, -74.14, 1.18, 32.00, 32.00, 128.00
15497, -0.09, -0.01, -1.48, -99.90, -53.88, 12.89, 417.00, 417.00, 1670.00
15554, 0.01, -0.03, -1.24, 15.31, -98.25, 86.40, 2827.00, 2827.00, 11308.00
15612, 0.04, 0.09, -1.40, -53.15, -42.68, 58.34, 1895.00, 1895.00, 7581.00
15669, -0.06, 0.15, -1.26, -0.65, -7.36, 16.83, 546.00, 546.00, 2184.00
15727, 0.00, 0.06, -1.34, -17.12, 46.81, -39.88, -1286.00, -1286.00, -5141.00
15799, -0.02, 0.03, -1.34, 39.84, 63.58, 11.56, 353.00, 353.00, 1413.00
15857, 0.03, 0.07, -1.31, 73.51, 53.08, -42.11, -1382.00, -1382.00, -5526.00
15914, 0.05, 0.08, -1.25, 61.73, 7.11, -23.54, -772.00, -772.00, -3085.00
15972, 0.00, 0.02, -1.26, 34.55, -54.71, 8.10, 257.00, 257.00, 1028.00
16029, -0.05, -0.01, -1.26, 76.22, -38.17, -39.90, -1318.00, -1318.00, -5269.00
16087, -0.05, -0.04, -1.26, 33.49, -11.73, -30.59, -996.00, -996.00, -3984.00
16144, 0.00, -0.05, -1.24, 22.30, -0.16, -23.14, -739.00, -739.00, -2956.00
16217, 0.00, -0.05, -1.27, -14.68, 3.07, -27.09, -868.00, -868.00, -3470.00
16274, -0.08, -0.05, -1.12, 53.25, 86.81, -5.72, -161.00, -161.00, -643.00
16332, -0.06, -0.01, -1.25, 88.91, 124.51, -43.45, -1414.00, -1414.00, -5655.00
16389, 0.33, -0.12, -1.43, -67.58, 124.51, -85.74, -2828.00, -2828.00, -11309.00
16447, 0.28, -0.08, -1.37, 31.33, -62.12, 1.41, 32.00, 32.00, 128.00
16504, 0.13, -0.08, -1.35, 20.88, -124.51, -2.11, -65.00, -65.00, -258.00
16562, 0.03, -0.05, -1.29, 65.95, -124.51, -26.83, -868.00, -868.00, -3470.00
16634, -0.01, -0.09, -1.23, 14.47, -24.76, 4.39, 128.00, 128.00, 514.00
16692, 0.00, -0.07, -1.23, -17.42, -62.87, -24.72, -804.00, -804.00, -3213.00
16749, -0.01, -0.10, -1.22, -8.02, -22.64, -25.60, -836.00, -836.00, -3342.00
16806, -0.03, -0.08, -1.28, -33.13, 29.06, 39.14, 1285.00, 1285.00, 5140.00
16864, 0.03, -0.05, -1.34, 74.85, 65.81, 10.13, 321.00, 321.00, 1285.00
16921, 0.03, -0.16, -1.33, 63.03, 67.56, -2.48, -65.00, -65.00, -258.00
16979, 0.08, -0.14, -1.27, 3.26, 42.23, 26.84, 867.00, 867.00, 3469.00
17051, 0.04, -0.15, -1.28, -28.54, -51.03, 17.47, 546.00, 546.00, 2184.00
17109, 0.07, -0.08, -1.30, -102.03, -124.51, -42.67, -1382.00, -1382.00, -5526.00
17166, -0.01, -0.06, -1.32, -124.51, -124.51, -124.51, -4080.00, -4080.00, -16320.00
17224, -0.15, -0.07, -1.16, -109.29, -124.51, -124.51, -4080.00, -4080.00, -16320.00
17282, -0.46, -0.05, -1.31, -124.51, -124.51, -124.51, -4080.00, -4080.00, -16320.00
17339, -0.31, -0.06, -1.07, -124.51, -124.51, -124.51, -4080.00, -4080.00, -16320.00
17412, -0.72, 0.12, -1.06, 124.51, -124.51, 27.98, 899.00, 899.00, 3598.00
17469, -0.90, 0.01, -1.02, 124.51, -124.51, -95.61, -3149.00, -3149.00, -12594.00
17527, -0.92, -0.05, -0.94, 124.51, -124.51, -124.51, -4080.00, -4080.00, -16320.00
17585, -0.97, -0.28, -0.83, 124.51, -124.51, -124.51, -4080.00, -4080.00, -16320.00
17642, -0.98, -0.32, -0.65, 124.51, -124.51, -124.51, -4080.00, -4080.00, -16320.00
17700, -0.92, -0.33, -0.65, 124.51, -124.51, -115.25, -3791.00, -3791.00, -15164.00
17772, -1.24, -0.40, -0.45, 124.51, -124.51, -124.51, -4080.00, -4080.00, -16320.00
17830, -1.10, -0.52, -0.45, 124.51, -120.85, -124.51, -4080.00, -4080.00, -16320.00
17887, -1.07, -0.61, -0.30, 124.51, -66.36, -124.51, -4080.00, -4080.00, -16320.00
17945, -1.05, -0.84, -0.13, 124.51, -27.00, -124.51, -4080.00, -4080.00, -16320.00
18002, -0.78, -1.05, 0.01, 124.51, -72.79, -124.51, -4080.00, -4080.00, -16320.00
18060, -0.79, -1.05, 0.03, 71.84, -96.48, -124.51, -4080.00, -4080.00, -16320.00
18117, -0.85, -0.92, -0.03, 114.24, -10.12, -50.83, -1671.00, -1671.00, -6683.00
18190, -0.81, -1.02, 0.00, 95.17, -9.89, -93.54, -3085.00, -3085.00, -12337.00
18248, -0.73, -1.10, 0.00, 41.04, 22.13, -106.45, -3502.00, -3502.00, -14007.00
18305, -0.68, -1.10, 0.04, 75.96, -27.22, -68.16, -2249.00, -2249.00, -8996.00
18362, -0.70, -1.07, 0.11, 55.88, 50.69, -121.05, -3984.00, -3984.00, -15935.00
18419, -0.67, -1.06, 0.10, 75.61, 54.78, -124.51, -4080.00, -4080.00, -16320.00
18477, -0.62, -1.18, 0.20, -3.72, -27.46, -124.51, -4080.00, -4080.00, -16320.00
18549, -0.52, -1.16, 0.14, -42.20, -101.20, -124.51, -4080.00, -4080.00, -16320.00
18606, -0.43, -1.22, 0.11, -71.91, -124.51, -124.51, -4080.00, -4080.00, -16320.00
18664, -0.39, -1.21, 0.14, -3.56, -124.51, -66.96, -2185.00, -2185.00, -8739.00
18721, -0.39, -1.24, 0.13, -25.48, -124.51, 54.29, 1766.00, 1766.00, 7067.00
18778, -0.39, -1.21, 0.19, -23.91, -124.51, 69.99, 2280.00, 2280.00, 9123.00
18836, -0.47, -1.13, 0.12, -71.88, -112.64, 82.58, 2698.00, 2698.00, 10794.00
18908, -0.51, -1.23, 0.03, -9.50, -34.79, 78.64, 2570.00, 2570.00, 10280.00
18965, -0.56, -1.23, 0.11, -6.97, 27.79, 40.07, 1317.00, 1317.00, 5268.00
19023, -0.49, -1.23, 0.00, -44.25, -14.70, 7.62, 224.00, 224.00, 899.00
19080, -0.51, -1.24, 0.03, 45.40, 38.79, 20.25, 642.00, 642.00, 2570.00
19137, -0.51, -1.23, 0.10, 30.42, 52.38, 124.51, 4079.00, 4079.00, 16319.00
19194, -0.55, -1.20, 0.11, -19.96, 18.76, 13.73, 449.00, 449.00, 1799.00
19252, -0.62, -1.17, 0.15, 10.16, 124.51, -3.20, -97.00, -97.00, -386.00
19324, -0.56, -1.21, 0.00, -49.95, 124.51, 11.95, 385.00, 385.00, 1542.00
19381, -0.64, -1.10, -0.03, 21.66, 124.51, -69.85, -2281.00, -2281.00, -9124.00
19439, -0.54, -1.14, -0.08, 21.30, 124.51, -86.74, -2860.00, -2860.00, -11437.00
19496, -0.53, -1.21, -0.03, -31.33, 84.09, -71.87, -2346.00, -2346.00, -9381.00
19553, -0.41, -1.26, -0.05, -25.06, 49.40, -0.87, -1.00, -1.00, -1.00
19610, -0.45, -1.21, -0.04, 1.35, 72.69, 124.51, 4079.00, 4079.00, 16319.00
19668, -0.54, -1.16, -0.09, -94.22, -27.55, 39.71, 1285.00, 1285.00, 5140.00
19740, -0.47, -1.50, -0.13, 9.42, 124.51, 3.88, 96.00, 96.00, 385.00
19797, -0.68, -1.15, -0.15, 103.72, 124.51, 31.85, 1028.00, 1028.00, 4112.00
19855, -0.49, -1.33, -0.28, 124.51, 124.51, -124.51, -4080.00, -4080.00, -16320.00
19912, -0.48, -1.20, -0.21, 124.51, 124.51, -124.51, -4080.00, -4080.00, -16320.00
19969, -0.25, -1.34, 0.05, 124.51, 124.51, -124.51, -4080.00, -4080.00, -16320.00
20027, -0.09, -1.14, -0.05, 124.51, 124.51, -124.51, -4080.00, -4080.00, -16320.00
20099, 0.04, -1.23, 0.10, 91.81, 19.55, -124.51, -4080.00, -4080.00, -16320.00
20157, 0.04, -1.23, 0.18, 49.23, -89.61, -124.51, -4080.00, -4080.00, -16320.00
20214, 0.38, -1.12, 0.34, -22.06, 35.42, -124.51, -4080.00, -4080.00, -16320.00
20271, 0.18, -1.22, -0.02, 24.04, -78.19, -124.51, -4080.00, -4080.00, -16320.00
20329, 0.36, -1.12, -0.03, 100.84, 112.47, -93.93, -3085.00, -3085.00, -12337.00
20386, 0.30, -1.14, 0.00, 18.10, 44.74, -124.51, -4080.00, -4080.00, -16320.00
20443, 0.54, -1.28, 0.10, 124.51, 124.51, -101.57, -3342.00, -3342.00, -13365.00
20516, 0.45, -1.21, 0.18, -41.25, -113.12, 89.28, 2923.00, 2923.00, 11693.00
20573, 0.39, -1.00, 0.27, 124.51, 33.67, -105.37, -3470.00, -3470.00, -13879.00
20630, 0.37, -1.07, 0.60, 124.51, 39.32, -124.51, -4080.00, -4080.00, -16320.00
20688, 0.45, -0.98, 0.47, 124.51, 63.27, -124.51, -4080.00, -4080.00, -16320.00
20745, 0.61, -0.92, 0.70, 124.51, -24.97, -119.34, -3920.00, -3920.00, -15678.00
20803, 0.61, -0.82, 0.56, 124.51, -4.13, -35.47, -1157.00, -1157.00, -4627.00
20875, 0.64, -0.85, 0.65, -28.92, -6.09, -28.94, -932.00, -932.00, -3727.00
20932, 0.57, -0.83, 0.67, 66.32, -21.49, -7.43, -225.00, -225.00, -900.00
20989, 0.62, -0.83, 0.74, 20.23, -91.55, -26.43, -868.00, -868.00, -3470.00
21046, 0.64, -0.84, 0.63, 53.25, -57.51, 15.61, 514.00, 514.00, 2056.00
21104, 0.67, -0.82, 0.72, -124.51, -76.13, -124.51, -4080.00, -4080.00, -16320.00
21161, 0.65, -0.75, 0.59, -124.51, -37.88, -124.51, -4080.00, -4080.00, -16320.00
21218, 0.67, -0.80, 0.57, -124.51, -32.25, -124.51, -4080.00, -4080.00, -16320.00
21291, 0.92, -0.69, -0.03, -124.51, -124.51, -124.51, -4080.00, -4080.00, -16320.00
21348, 1.03, -0.63, -0.32, -87.29, -124.51, -124.51, -4080.00, -4080.00, -16320.00
21406, 1.16, -0.74, -0.16, 114.45, -72.56, 52.23, 1702.00, 1702.00, 6810.00
21463, 1.16, -0.83, -0.16, -124.51, -124.07, -100.78, -3309.00, -3309.00, -13236.00
21521, 1.12, -0.48, -0.29, 5.32, -124.51, -124.51, -4080.00, -4080.00, -16320.00
21578, 1.03, -0.57, -0.28, 119.70, -82.34, 26.84, 867.00, 867.00, 3469.00
21651, 1.04, -0.69, -0.29, -124.51, -72.27, -124.51, -4080.00, -4080.00, -16320.00
21708, 1.07, -0.49, -0.34, -124.51, -84.81, -124.51, -4080.00, -4080.00, -16320.00
21766, 1.05, -0.05, -0.48, -124.51, 71.90, -124.51, -4080.00, -4080.00, -16320.00
21823, 1.09, 0.16, -0.50, -124.51, 124.51, -124.51, -4080.00, -4080.00, -16320.00
21881, 1.29, 0.12, -0.44, -124.51, 124.51, -53.59, -1767.00, -1767.00, -7068.00
21938, 1.33, 0.18, -0.35, -124.51, 124.51, -8.54, -258.00, -258.00, -1029.00
21996, 1.15, 0.14, -0.24, -110.16, 124.51, 25.91, 835.00, 835.00, 3341.00
22068, 1.27, -0.04, 0.03, -124.51, 124.51, -124.51, -4080.00, -4080.00, -16320.00
22126, 1.17, 0.17, 0.07, -124.51, 124.51, -74.52, -2442.00, -2442.00, -9767.00
22183, 1.22, 0.14, 0.32, -124.51, 124.51, 38.62, 1252.00, 1252.00, 5011.00
22241, 1.26, 0.08, 0.59, -34.28, 124.51, 119.68, 3951.00, 3951.00, 15805.00
22298, 1.09, 0.03, 0.56, 124.51, 77.92, 124.51, 4079.00, 4079.00, 16319.00
22356, 1.07, -0.03, 0.47, 124.51, -2.30, 124.51, 4079.00, 4079.00, 16319.00
22428, 1.08, -0.04, 0.42, 1.67, 55.30, 106.73, 3501.00, 3501.00, 14006.00
22486, 1.12, -0.07, 0.46, -7.23, 124.51, 95.90, 3148.00, 3148.00, 12593.00
22543, 1.07, -0.05, 0.52, 37.81, 124.51, 49.70, 1638.00, 1638.00, 6553.00
22601, 1.11, -0.11, 0.66, 124.51, 124.51, 45.22, 1477.00, 1477.00, 5911.00
22658, 0.95, -0.11, 0.71, 124.51, 124.06, 124.51, 4079.00, 4079.00, 16319.00
22716, 0.99, -0.16, 0.77, 124.51, -23.93, 124.51, 4079.00, 4079.00, 16319.00
22773, 0.99, -0.08, 0.70, 124.51, -112.40, 124.51, 4079.00, 4079.00, 16319.00
22846, 1.02, -0.13, 0.60, 124.51, -124.51, 85.74, 2827.00, 2827.00, 11308.00
22904, 1.05, -0.15, 0.50, 116.49, -79.33, 52.70, 1734.00, 1734.00, 6939.00
22961, 1.11, -0.06, 0.55, 109.75, 9.20, 43.58, 1413.00, 1413.00, 5654.00
23018, 1.11, -0.16, 0.60, 79.91, 7.54, 76.22, 2505.00, 2505.00, 10023.00
23076, 1.11, -0.08, 0.65, 121.23, 32.04, 124.51, 4079.00, 4079.00, 16319.00
23133, 1.04, -0.10, 0.57, 103.24, 10.02, 124.51, 4079.00, 4079.00, 16319.00
23191, 1.00, -0.19, 0.67, 70.76, 51.98, 124.51, 4079.00, 4079.00, 16319.00
23263, 0.98, -0.16, 0.69, 56.67, -3.01, 102.65, 3373.00, 3373.00, 13492.00
23321, 0.96, -0.26, 0.71, 124.51, -26.87, 111.03, 3662.00, 3662.00, 14649.00
23378, 0.98, -0.26, 0.69, 86.62, -50.88, 101.41, 3341.00, 3341.00, 13364.00
23436, 1.01, -0.26, 0.64, 83.42, -16.55, 71.24, 2345.00, 2345.00, 9380.00
23493, 1.13, -0.19, 0.61, 90.62, -43.26, 124.51, 4079.00, 4079.00, 16319.00
23551, 1.05, -0.22, 0.67, 124.51, 26.80, 124.51, 4079.00, 4079.00, 16319.00
23608, 1.00, -0.26, 0.68, 124.51, 17.05, 124.51, 4079.00, 4079.00, 16319.00
23681, 0.90, -0.38, 0.74, 124.51, 52.20, 124.51, 4079.00, 4079.00, 16319.00
23739, 0.77, -0.43, 0.87, 67.28, 35.22, 124.51, 4079.00, 4079.00, 16319.00
23796, 0.83, -0.34, 0.77, 120.57, -90.97, 124.51, 4079.00, 4079.00, 16319.00
23854, 0.75, -0.48, 0.68, 88.70, -44.84, 116.96, 3855.00, 3855.00, 15420.00
23911, 0.79, -0.40, 0.81, 81.61, -10.21, 124.51, 4079.00, 4079.00, 16319.00
23969, 0.84, -0.42, 0.80, 105.66, -124.51, 124.51, 4079.00, 4079.00, 16319.00
24041, 0.80, -0.55, 0.77, 124.51, -124.51, 124.51, 4079.00, 4079.00, 16319.00
24099, 0.75, -0.66, 0.78, 124.51, -124.51, 124.51, 4079.00, 4079.00, 16319.00
24156, 0.62, -0.70, 0.70, 124.51, -124.51, 124.51, 4079.00, 4079.00, 16319.00
24214, 0.64, -0.75, 0.72, 19.32, -124.51, 124.51, 4079.00, 4079.00, 16319.00
24271, 0.54, -0.66, 0.70, 124.51, -88.37, 124.51, 4079.00, 4079.00, 16319.00
24329, 0.59, -0.77, 0.74, 124.51, -48.95, 124.51, 4079.00, 4079.00, 16319.00
24386, 0.47, -0.83, 0.82, 124.51, -67.82, 124.51, 4079.00, 4079.00, 16319.00
24459, 0.47, -0.88, 0.86, 98.69, 17.39, 124.51, 4079.00, 4079.00, 16319.00
24517, 0.41, -0.82, 0.88, -57.03, 15.47, 1.48, 32.00, 32.00, 128.00
24574, 0.41, -0.76, 0.88, 124.51, 16.80, 124.51, 4079.00, 4079.00, 16319.00
24631, 0.36, -0.77, 0.92, 124.51, 0.65, 124.51, 4079.00, 4079.00, 16319.00
24689, 0.35, -0.68, 0.94, 21.47, 45.55, 115.91, 3822.00, 3822.00, 15291.00
24746, 0.32, -0.67, 0.96, 50.22, 0.27, 124.51, 4079.00, 4079.00, 16319.00
24804, 0.22, -0.78, 0.98, 124.51, 22.71, 124.51, 4079.00, 4079.00, 16319.00
24876, 0.20, -0.77, 0.96, -47.79, -5.62, 117.60, 3855.00, 3855.00, 15420.00
24934, 0.17, -0.74, 1.02, 36.83, 57.83, 124.51, 4079.00, 4079.00, 16319.00
24991, 0.08, -0.74, 0.99, 75.46, 36.59, 124.51, 4079.00, 4079.00, 16319.00
25049, 0.06, -0.74, 1.08, 119.01, 20.66, 124.51, 4079.00, 4079.00, 16319.00
25107, 0.00, -0.76, 1.01, 53.33, -16.98, 124.51, 4079.00, 4079.00, 16319.00
25164, -0.05, -0.76, 1.07, 0.05, 14.95, 19.36, 610.00, 610.00, 2441.00
25222, -0.03, -0.79, 1.01, -107.84, -15.91, -85.77, -2828.00, -2828.00, -11309.00
25294, -0.01, -0.79, 1.06, -124.51, 48.85, -124.51, -4080.00, -4080.00, -16320.00
25352, -0.01, -0.76, 0.99, -27.40, -15.11, -115.94, -3823.00, -3823.00, -15292.00
25409, 0.07, -0.82, 1.04, -14.42, -56.73, -97.00, -3181.00, -3181.00, -12722.00
25467, 0.15, -0.78, 0.99, 40.46, -72.18, -124.51, -4080.00, -4080.00, -16320.00
25525, 0.18, -0.81, 1.00, -23.34, -0.47, -124.51, -4080.00, -4080.00, -16320.00
25582, 0.20, -0.72, 0.95, -29.84, -14.11, -124.51, -4080.00, -4080.00, -16320.00
25655, 0.24, -0.76, 0.93, -69.29, 22.50, -124.51, -4080.00, -4080.00, -16320.00
25712, 0.28, -0.72, 0.92, -124.51, 69.20, -124.51, -4080.00, -4080.00, -16320.00
25770, 0.28, -0.73, 0.93, -95.67, 25.84, -98.44, -3245.00, -3245.00, -12979.00
25828, 0.25, -0.79, 0.91, 11.80, 12.52, 39.25, 1285.00, 1285.00, 5140.00
25885, 0.23, -0.86, 0.96, 9.68, -16.19, 15.17, 481.00, 481.00, 1927.00
25943, 0.24, -0.85, 0.93, -5.32, -30.78, -42.61, -1382.00, -1382.00, -5526.00
26000, 0.25, -0.91, 0.94, -83.99, -14.96, -124.51, -4080.00, -4080.00, -16320.00
26073, 0.32, -0.81, 0.88, -95.50, 9.35, -124.51, -4080.00, -4080.00, -16320.00
26130, 0.38, -0.76, 0.89, -6.33, -4.64, -124.51, -4080.00, -4080.00, -16320.00
26188, 0.42, -0.73, 0.86, -18.98, -17.84, -115.04, -3791.00, -3791.00, -15164.00
26246, 0.40, -0.72, 0.86, 17.93, -5.24, -36.70, -1189.00, -1189.00, -4755.00
26303, 0.44, -0.73, 0.89, -13.38, -3.27, -16.64, -547.00, -547.00, -2185.00
26361, 0.42, -0.78, 0.88, -86.15, -12.51, -103.04, -3374.00, -3374.00, -13493.00
26433, 0.42, -0.79, 0.86, -70.05, -1.66, -124.51, -4080.00, -4080.00, -16320.00
26491, 0.44, -0.80, 0.85, -31.66, 19.01, -124.51, -4080.00, -4080.00, -16320.00
26548, 0.48, -0.77, 0.83, -46.13, 33.19, -124.51, -4080.00, -4080.00, -16320.00
26606, 0.49, -0.74, 0.81, 38.36, 73.86, -124.51, -4080.00, -4080.00, -16320.00
26664, 0.59, -0.66, 0.88, -33.77, 66.11, -124.51, -4080.00, -4080.00, -16320.00
26726, 0.61, -0.54, 0.88, 76.41, 66.98, -19.31, -611.00, -611.00, -2442.00
26783, 0.61, -0.55, 0.98, -26.35, 13.81, 124.51, 4079.00, 4079.00, 16319.00
26856, 0.54, -0.67, 0.84, 21.63, 16.17, 124.51, 4079.00, 4079.00, 16319.00
26914, 0.48, -0.77, 0.88, 6.37, 0.50, 69.33, 2280.00, 2280.00, 9123.00
26971, 0.42, -0.75, 0.90, -61.79, 47.10, 47.47, 1542.00, 1542.00, 6168.00
27028, 0.40, -0.69, 0.97, -36.34, 25.45, -24.89, -804.00, -804.00, -3213.00
27086, 0.43, -0.74, 0.94, -107.67, 47.90, -110.57, -3631.00, -3631.00, -14521.00
27144, 0.52, -0.68, 0.90, -78.83, -5.05, -124.51, -4080.00, -4080.00, -16320.00
27216, 0.51, -0.66, 0.84, 38.69, -54.85, 54.60, 1799.00, 1799.00, 7196.00
27273, 0.50, -0.73, 0.81, 62.72, 78.29, 124.51, 4079.00, 4079.00, 16319.00
27331, 0.48, -0.69, 0.85, 124.51, 63.00, 124.51, 4079.00, 4079.00, 16319.00
27388, 0.33, -0.83, 0.98, 70.02, 124.51, 124.51, 4079.00, 4079.00, 16319.00
27446, 0.34, -0.74, 0.98, 38.88, 41.81, 77.04, 2537.00, 2537.00, 10151.00
27503, 0.33, -0.71, 0.95, 2.48, 43.93, 42.84, 1413.00, 1413.00, 5654.00
27561, 0.32, -0.75, 1.00, 39.79, 26.13, 57.74, 1895.00, 1895.00, 7581.00
27740, 0.30, -0.74, 0.98, -15.70, 18.70, 22.40, 738.00, 738.00, 2955.00
27834, 0.28, -0.74, 0.99, 0.61, -23.09, -29.17, -932.00, -932.00, -3727.00
27929, 0.30, -0.72, 0.97, 19.55, 28.37, -7.57, -225.00, -225.00, -900.00
28024, 0.29, -0.74, 1.05, -12.19, 21.66, 9.43, 289.00, 289.00, 1156.00
28119, 0.27, -0.72, 0.98, -9.96, 32.11, 0.57, 0.00, 0.00, 0.00
28213, 0.28, -0.73, 0.97, -33.99, 16.80, -18.14, -579.00, -579.00, -2314.00
28308, 0.27, -0.70, 0.99, -27.63, 3.78, -1.83, -33.00, -33.00, -129.00
2289, 0.12, -0.11, -1.25, -22.18, 124.51, 106.96, 3501.00, 3501.00, 14006.00
2384, 0.26, 0.05, -1.27, -124.51, 72.77, 99.91, 3276.00, 3276.00, 13107.00
2479, 0.24, 0.25, -1.30, -124.51, -123.10, -94.32, -3085.00, -3085.00, -12337.00
2574, -0.01, 0.48, -1.43, 124.51, -47.25, -49.78, -1639.00, -1639.00, -6554.00
2669, 0.08, 0.13, -1.23, 97.18, 64.11, 124.51, 4079.00, 4079.00, 16319.00
2764, 0.03, 0.14, -1.13, 77.61, 32.22, 124.51, 4079.00, 4079.00, 16319.00
2860, -0.02, 0.01, -1.08, -124.51, -124.51, -8.40, -258.00, -258.00, -1029.00
2970, 0.00, 0.08, -1.11, 79.85, 83.81, 124.51, 4079.00, 4079.00, 16319.00
3065, 0.11, 0.07, -1.28, 57.97, -124.51, -86.59, -2860.00, -2860.00, -11437.00
3160, -0.01, 0.05, -1.25, -8.32, -73.51, -124.51, -4080.00, -4080.00, -16320.00
3255, -0.07, 0.00, -1.25, -54.77, 34.06, -63.39, -2089.00, -2089.00, -8353.00
3350, -0.09, 0.05, -1.23, -64.52, 124.51, 57.61, 1895.00, 1895.00, 7581.00
3445, 0.13, 0.19, -1.24, -59.85, 108.41, 14.16, 449.00, 449.00, 1799.00
3540, 0.22, 0.19, -1.28, -34.65, 46.44, -59.83, -1960.00, -1960.00, -7839.00
3650, 0.22, 0.19, -1.28, 56.41, -119.00, 1.80, 32.00, 32.00, 128.00
3745, 0.07, 0.11, -1.25, 87.75, -18.75, 105.91, 3469.00, 3469.00, 13878.00
3840, 0.03, 0.10, -1.17, 94.72, -4.76, 117.96, 3887.00, 3887.00, 15548.00
3935, 0.06, -0.01, -1.31, -95.26, 50.55, 57.72, 1895.00, 1895.00, 7581.00
4030, 0.01, -0.03, -1.23, -18.50, -45.04, -116.97, -3856.00, -3856.00, -15421.00
4125, -0.09, 0.08, -1.23, -59.99, 8.63, 8.54, 257.00, 257.00, 1028.00
4220, 0.24, 0.12, -1.30, -5.43, -114.78, 124.51, 4079.00, 4079.00, 16319.00
4330, 0.22, 0.06, -1.25, -96.28, -124.51, 124.51, 4079.00, 4079.00, 16319.00
4425, -0.25, -0.09, -1.10, 124.51, 79.35, 124.51, 4079.00, 4079.00, 16319.00
4520, -0.20, 0.00, -1.07, 22.69, 52.87, 124.51, 4079.00, 4079.00, 16319.00
4615, 0.04, 0.03, -1.39, 124.51, -29.59, 124.51, 4079.00, 4079.00, 16319.00
4710, -0.02, 0.05, -1.33, 124.51, 3.75, 96.60, 3180.00, 3180.00, 12721.00
4805, 0.01, 0.14, -1.25, -97.51, 44.05, -11.73, -386.00, -386.00, -1543.00
4915, 0.07, 0.14, -1.21, -124.51, 124.41, 57.21, 1863.00, 1863.00, 7453.00
5010, -0.52, 0.42, -1.25, -124.51, -124.51, 72.21, 2377.00, 2377.00, 9509.00
5105, 0.05, 0.40, -1.23, 123.50, -124.51, -5.40, -161.00, -161.00, -643.00
5200, -0.18, 0.11, -1.26, 124.51, 124.51, 124.51, 4079.00, 4079.00, 16319.00
5295, 0.08, 0.11, -1.22, 16.04, 42.89, 124.51, 4079.00, 4079.00, 16319.00
5390, 0.18, 0.18, -1.31, 73.59, 124.51, -124.51, -4080.00, -4080.00, -16320.00
5485, 0.21, 0.10, -1.28, 25.08, -124.51, -1.09, -33.00, -33.00, -129.00
5595, -0.41, 0.25, -0.98, -124.51, 12.02, 124.51, 4079.00, 4079.00, 16319.00
5690, 0.00, 0.24, -1.20, 15.54, 124.51, 50.50, 1638.00, 1638.00, 6553.00
5785, -0.07, 0.08, -1.11, 124.51, -112.94, -37.64, -1221.00, -1221.00, -4884.00
5880, -0.03, 0.12, -1.08, 124.51, -124.51, 31.55, 1028.00, 1028.00, 4112.00
5975, 0.16, 0.04, -1.52, 93.50, 120.46, 124.51, 4079.00, 4079.00, 16319.00
6070, -0.08, -0.02, -1.46, -124.51, 99.89, -76.62, -2506.00, -2506.00, -10024.00
6166, -0.06, 0.05, -1.31, -40.04, 124.51, 103.56, 3405.00, 3405.00, 13621.00
6275, 0.07, 0.23, -1.29, 124.51, 43.81, 20.32, 642.00, 642.00, 2570.00
6370, -0.03, 0.00, -1.25, -20.23, -3.40, 26.90, 867.00, 867.00, 3469.00
6465, -0.02, 0.01, -1.22, 2.17, -124.51, 121.65, 4015.00, 4015.00, 16062.00
6560, 0.07, -0.10, -1.34, 113.31, -124.51, 124.51, 4079.00, 4079.00, 16319.00
6655, -0.05, -0.05, -1.43, -48.05, 65.99, -124.51, -4080.00, -4080.00, -16320.00
6750, -0.03, 0.07, -1.35, 107.34, -24.73, -36.45, -1189.00, -1189.00, -4755.00
6860, -0.02, -0.16, -1.33, -63.16, 60.17, -31.75, -1029.00, -1029.00, -4113.00
6955, -0.11, 0.06, -1.32, -124.51, -9.05, -46.19, -1510.00, -1510.00, -6040.00
7051, 0.02, 0.02, -1.28, -115.48, 12.13, -115.12, -3791.00, -3791.00, -15164.00
7146, 0.15, 0.13, -1.20, -12.30, 54.89, -8.16, -258.00, -258.00, -1029.00
7241, 0.11, 0.16, -1.12, 71.11, -124.51, 124.51, 4079.00, 4079.00, 16319.00
7336, 0.33, 0.14, -1.20, 65.72, -61.50, 113.73, 3726.00, 3726.00, 14906.00
7431, -0.08, -0.10, -1.31, -33.27, 124.51, 95.76, 3148.00, 3148.00, 12593.00
7541, 0.06, 0.19, -1.19, -90.82, 19.96, 90.17, 2955.00, 2955.00, 11822.00
7636, 0.10, -0.02, -1.26, -7.09, -124.51, 124.51, 4079.00, 4079.00, 16319.00
7732, -0.11, -0.06, -1.87, 31.63, -124.51, 124.51, 4079.00, 4079.00, 16319.00
7827, -0.12, 0.15, -1.29, -108.20, 110.84, -65.75, -2153.00, -2153.00, -8610.00
7922, -0.06, -0.04, -1.54, 53.02, 124.51, -124.51, -4080.00, -4080.00, -16320.00
8017, -0.14, -0.07, -1.44, -124.51, 124.51, -52.94, -1735.00, -1735.00, -6940.00
8113, 0.01, 0.43, -1.07, 89.60, 33.13, -7.62, -225.00, -225.00, -900.00
8223, -0.05, -0.29, -1.34, 124.51, -124.51, 124.51, 4079.00, 4079.00, 16319.00
8318, -0.50, -0.32, -1.08, 124.51, -124.51, 2.95, 96.00, 96.00, 385.00
8413, -0.47, -0.01, -1.28, 26.81, 111.25, 124.51, 4079.00, 4079.00, 16319.00
8508, -0.67, -0.05, -0.87, -124.51, 124.51, 124.51, 4079.00, 4079.00, 16319.00
8604, 0.17, 0.26, -1.30, -23.04, 96.57, -73.12, -2410.00, -2410.00, -9638.00
8699, 0.09, 0.03, -1.22, 124.51, -122.07, -124.51, -4080.00, -4080.00, -16320.00
8809, 0.05, -0.25, -1.30, 36.45, 124.51, -0.11, -1.00, -1.00, -1.00
8904, 0.35, -0.54, -1.95, -79.93, 124.51, -87.26, -2860.00, -2860.00, -11437.00
8999, 0.31, -0.34, -3.52, -106.66, -124.51, -72.07, -2378.00, -2378.00, -9510.00
9095, 0.11, -0.49, -0.73, -124.51, -124.51, 48.28, 1574.00, 1574.00, 6296.00
9190, -0.38, -0.05, 2.59, 6.06, 124.51, -124.51, -4080.00, -4080.00, -16320.00
9285, 0.39, -0.91, 1.27, 124.51, 124.51, 124.51, 4079.00, 4079.00, 16319.00
9380, 1.02, -3.42, -8.82, 124.51, 124.51, -67.04, -2185.00, -2185.00, -8739.00
9491, 1.11, -1.33, -1.73, -124.51, -124.51, 58.21, 1895.00, 1895.00, 7581.00
9586, 0.25, -1.32, 3.43, -124.51, 124.51, -124.51, -4080.00, -4080.00, -16320.00
9681, 0.27, -0.74, 1.88, 124.51, 124.51, 124.51, 4079.00, 4079.00, 16319.00
9777, 0.39, -2.81, -11.09, -122.34, -120.81, -124.51, -4080.00, -4080.00, -16320.00
9872, 0.79, -1.86, 0.05, -124.51, -124.51, -87.75, -2892.00, -2892.00, -11566.00
9967, -0.60, -1.29, 6.08, 124.51, 124.51, -26.56, -868.00, -868.00, -3470.00
10078, 2.01, -2.33, -11.12, -124.51, -124.51, -124.51, -4080.00, -4080.00, -16320.00
10173, 0.07, -3.45, 9.81, 124.51, 124.51, -15.84, -515.00, -515.00, -2057.00
10268, 2.86, -5.39, -18.78, 124.51, -124.51, 38.75, 1252.00, 1252.00, 5011.00
10364, 0.58, -3.93, 9.99, -124.51, 124.51, 102.80, 3373.00, 3373.00, 13492.00
10459, 3.40, -3.62, -11.03, 124.51, 124.51, 124.51, 4079.00, 4079.00, 16319.00
10554, -0.24, -3.43, 7.43, -124.51, -124.51, -96.15, -3149.00, -3149.00, -12594.00
10650, 0.09, -2.59, -2.63, 124.51, 124.51, 124.51, 4079.00, 4079.00, 16319.00
10760, 0.10, -2.87, 2.50, -124.51, -124.51, -54.83, -1800.00, -1800.00, -7197.00
10855, -0.54, 0.28, 4.21, 124.51, 124.51, 124.51, 4079.00, 4079.00, 16319.00
10950, -0.58, -2.17, -6.49, -124.51, -124.51, -97.67, -3213.00, -3213.00, -12851.00
11046, 0.15, -1.63, 10.28, 124.51, 124.51, -96.73, -3181.00, -3181.00, -12722.00
11141, 0.25, -3.68, -16.10, -124.51, -124.51, -124.51, -4080.00, -4080.00, -16320.00
11236, 1.05, -4.72, 10.53, -124.51, 124.51, 124.51, 4079.00, 4079.00, 16319.00
11347, 3.14, -5.76, -19.15, 124.51, -124.51, -124.51, -4080.00, -4080.00, -16320.00
11442, 0.95, -4.59, 8.82, -124.51, -124.51, 124.51, 4079.00, 4079.00, 16319.00
11537, 3.70, -4.86, -6.75, 124.51, 124.51, 124.51, 4079.00, 4079.00, 16319.00
11632, 0.55, -3.00, -1.74, -124.51, -124.51, 124.51, 4079.00, 4079.00, 16319.00
11728, 0.00, -0.68, 9.02, 124.51, 124.51, 124.51, 4079.00, 4079.00, 16319.00
11823, -1.79, -2.44, -11.55, -124.51, -124.51, -124.51, -4080.00, -4080.00, -16320.00
11918, 1.46, -4.58, 10.11, -124.51, 124.51, 124.51, 4079.00, 4079.00, 16319.00
12029, 2.96, -5.19, -17.62, 124.51, -124.51, -124.51, -4080.00, -4080.00, -16320.00
12124, 0.03, -1.85, 4.56, -124.51, -124.51, 124.51, 4079.00, 4079.00, 16319.00
12219, -0.50, 0.20, 2.28, 124.51, 124.51, 124.51, 4079.00, 4079.00, 16319.00
12314, 0.58, -1.23, -7.80, -124.51, -124.51, -124.51, -4080.00, -4080.00, -16320.00
12409, -0.62, -3.18, 10.10, 25.08, 124.51, -71.33, -2346.00, -2346.00, -9381.00
12505, 2.40, -6.66, -13.97, 124.51, -124.51, 124.51, 4079.00, 4079.00, 16319.00
12615, -0.64, 0.23, 1.77, -124.51, 124.51, 124.51, 4079.00, 4079.00, 16319.00
12710, 0.13, -0.40, -1.00, 124.51, 124.51, -5.07, -161.00, -161.00, -643.00
12805, 0.14, 0.40, -1.44, 18.22, 124.51, -89.15, -2924.00, -2924.00, -11694.00
12901, -0.06, 0.19, -1.49, 99.04, -115.91, 124.51, 4079.00, 4079.00, 16319.00
12996, 0.03, 0.09, -1.37, 51.25, -114.95, 55.23, 1799.00, 1799.00, 7196.00
13091, -0.13, -0.06, -1.29, 81.78, -79.91, 119.31, 3919.00, 3919.00, 15677.00
13202, -0.30, -0.18, -1.11, -37.07, 124.51, 26.51, 867.00, 867.00, 3469.00
13297, -0.14, 0.05, -1.14, -30.86, 29.58, 0.68, 0.00, 0.00, 0.00
13391, -0.14, -0.02, -1.25, -49.04, 50.15, -54.32, -1767.00, -1767.00, -7068.00
13487, -0.02, -0.02, -1.55, -124.51, 31.03, 53.98, 1766.00, 1766.00, 7067.00
13582, -0.14, 0.11, -1.42, 124.51, 86.59, 15.02, 481.00, 481.00, 1927.00
13677, 0.33, -0.10, -1.13, 124.51, 124.51, -43.78, -1446.00, -1446.00, -5783.00
13772, -0.05, 0.00, -1.21, -124.51, -39.24, -15.17, -482.00, -482.00, -1928.00
13883, 0.00, 0.06, -1.21, -14.90, -16.47, -38.09, -1253.00, -1253.00, -5012.00
13978, 0.01, -0.04, -1.21, 48.76, -46.98, -53.82, -1767.00, -1767.00, -7068.00
14073, 0.00, -0.06, -1.18, -4.96, 10.61, -46.91, -1543.00, -1543.00, -6169.00
14168, -0.02, -0.02, -1.31, -10.67, -123.46, -57.22, -1864.00, -1864.00, -7454.00
14263, -0.01, -0.05, -1.23, -44.07, -97.07, -4.95, -161.00, -161.00, -643.00
14359, -0.07, -0.03, -1.25, 16.58, -4.73, -40.32, -1318.00, -1318.00, -5269.00
14454, -0.05, -0.05, -1.25, -2.69, 43.31, -18.28, -579.00, -579.00, -2314.00
14564, -0.08, -0.04, -1.26, -54.16, 5.93, 10.18, 321.00, 321.00, 1285.00
14659, 0.00, -0.08, -1.29, 43.91, -9.07, -84.55, -2763.00, -2763.00, -11052.00
14754, -0.03, -0.02, -1.32, -41.09, -31.30, -83.95, -2763.00, -2763.00, -11052.00
14850, 0.01, -0.05, -1.31, -20.34, 15.45, -27.25, -900.00, -900.00, -3599.00
14945, 0.04, -0.05, -1.28, 102.84, 35.02, 17.98, 578.00, 578.00, 2313.00
15040, -0.04, -0.26, -1.23, -124.51, 33.28, -124.51, -4080.00, -4080.00, -16320.00
15150, 0.00, -0.12, -1.26, -44.82, -124.51, -59.03, -1928.00, -1928.00, -7711.00
15246, -0.01, -0.25, -1.31, -2.39, -54.90, -60.89, -1992.00, -1992.00, -7968.00
15341, -0.07, -0.04, -1.30, 2.51, 124.51, -124.51, -4080.00, -4080.00, -16320.00
15436, 0.28, -0.09, -1.22, 124.51, 124.51, -124.51, -4080.00, -4080.00, -16320.00
15531, 0.38, -0.05, -1.18, -124.51, -124.51, -59.07, -1928.00, -1928.00, -7711.00
15627, 0.25, -0.05, -1.29, 26.46, 3.64, -31.40, -1029.00, -1029.00, -4113.00
15722, 0.30, -0.05, -1.23, 8.20, 27.55, -22.07, -707.00, -707.00, -2828.00
15832, 0.33, -0.18, -1.21, -11.87, -17.59, -16.47, -515.00, -515.00, -2057.00
15927, 0.32, -0.01, -1.18, -49.48, -39.82, 31.46, 1028.00, 1028.00, 4112.00
16022, 0.29, -0.06, -1.27, -37.41, -59.04, 58.81, 1927.00, 1927.00, 7710.00
16118, 0.24, -0.05, -1.25, -124.51, -124.51, 96.39, 3180.00, 3180.00, 12721.00
16213, 0.15, 0.06, -1.22, -105.68, -105.48, 118.49, 3887.00, 3887.00, 15548.00
16308, 0.08, 0.01, -1.27, -78.55, -124.51, 123.66, 4079.00, 4079.00, 16319.00
16418, 0.02, 0.06, -1.28, 47.86, -15.10, 39.49, 1285.00, 1285.00, 5140.00
16514, 0.01, 0.06, -1.28, 15.81, -7.17, 93.60, 3084.00, 3084.00, 12336.00
16609, 0.02, 0.00, -1.29, 124.51, 68.06, 6.84, 224.00, 224.00, 899.00
16704, 0.16, -0.16, -1.37, 124.51, 124.51, -29.70, -964.00, -964.00, -3856.00
16799, 0.23, -0.26, -1.29, 124.51, 124.51, -124.51, -4080.00, -4080.00, -16320.00
16894, 0.33, -0.32, -1.27, 0.77, 54.08, -124.51, -4080.00, -4080.00, -16320.00
16989, 0.29, -0.22, -1.26, -6.90, 93.67, -124.51, -4080.00, -4080.00, -16320.00
17100, 0.34, -0.17, -1.17, 50.81, 39.28, -124.51, -4080.00, -4080.00, -16320.00
17195, 0.38, -0.17, -1.21, -20.00, -35.89, -27.15, -868.00, -868.00, -3470.00
17290, 0.33, -0.14, -1.15, -4.17, 53.82, -124.51, -4080.00, -4080.00, -16320.00
17385, 0.33, -0.13, -1.19, 73.86, 124.51, -124.51, -4080.00, -4080.00, -16320.00
17480, 0.37, -0.05, -1.12, 5.87, 124.51, -124.51, -4080.00, -4080.00, -16320.00
17575, 0.50, -0.02, -1.11, -7.18, 124.51, -124.51, -4080.00, -4080.00, -16320.00
17685, 0.62, 0.10, -1.03, -65.65, 124.51, -124.51, -4080.00, -4080.00, -16320.00
17780, 0.63, 0.19, -1.09, -88.07, 19.70, -124.51, -4080.00, -4080.00, -16320.00
17875, 0.64, 0.32, -1.04, -52.17, 24.94, -124.51, -4080.00, -4080.00, -16320.00
17970, 0.62, 0.35, -1.08, 21.36, 45.02, -124.51, -4080.00, -4080.00, -16320.00
18065, 0.61, 0.27, -1.07, -25.00, -10.26, -13.35, -418.00, -418.00, -1671.00
18160, 0.64, 0.27, -1.06, 24.80, 34.56, -62.11, -2024.00, -2024.00, -8096.00
18255, 0.59, 0.32, -1.09, 2.22, 14.99, -3.58, -97.00, -97.00, -386.00
18365, 0.69, 0.27, -1.03, -53.56, 73.27, -7.52, -225.00, -225.00, -900.00
18460, 0.64, 0.35, -0.98, -17.45, 99.79, -57.31, -1864.00, -1864.00, -7454.00
18555, 0.65, 0.38, -0.94, -15.61, 124.51, 5.81, 160.00, 160.00, 642.00
18650, 0.80, 0.46, -0.85, -6.76, 110.24, -66.23, -2185.00, -2185.00, -8739.00
18745, 1.46, 0.34, -0.92, 63.29, -36.65, 58.34, 1895.00, 1895.00, 7581.00
18840, 0.81, 0.38, -0.83, 9.82, -1.22, 83.96, 2762.00, 2762.00, 11051.00
18935, 0.81, 0.39, -0.85, 35.89, 31.05, 67.91, 2216.00, 2216.00, 8866.00
19045, 0.95, 0.29, -0.85, 4.08, 3.07, 28.71, 931.00, 931.00, 3726.00
19140, 0.95, 0.26, -0.90, -10.93, -73.97, 22.62, 738.00, 738.00, 2955.00
19235, 0.87, 0.26, -0.93, 49.43, -7.33, -33.90, -1093.00, -1093.00, -4370.00
19330, 0.87, 0.23, -0.87, 31.15, -10.45, 41.28, 1349.00, 1349.00, 5397.00
19425, 0.89, 0.23, -0.90, 12.57, -8.08, -24.27, -772.00, -772.00, -3085.00
19520, 0.85, 0.23, -0.98, 17.33, -20.33, 10.97, 353.00, 353.00, 1413.00
19615, 0.88, 0.24, -0.94, 17.98, -52.82, -52.39, -1703.00, -1703.00, -6811.00
19725, 0.79, 0.29, -0.92, 13.98, 51.96, -93.24, -3052.00, -3052.00, -12208.00
19821, 0.83, 0.31, -0.89, 11.34, 3.99, -23.73, -772.00, -772.00, -3085.00
19916, 0.85, 0.27, -0.91, 35.54, -14.23, -16.20, -515.00, -515.00, -2057.00
20011, 0.82, 0.29, -0.95, 0.40, -39.54, 38.21, 1252.00, 1252.00, 5011.00
20106, 0.82, 0.26, -0.94, 20.07, 2.30, 18.65, 610.00, 610.00, 2441.00
20201, 0.84, 0.25, -0.88, 19.41, -0.68, 34.84, 1124.00, 1124.00, 4497.00
20296, 0.81, 0.25, -0.95, -24.20, -11.38, 44.44, 1445.00, 1445.00, 5782.00
20406, 0.82, 0.25, -0.92, 14.46, -52.65, 19.13, 610.00, 610.00, 2441.00
20501, 0.80, 0.22, -0.94, 13.19, -33.71, -36.36, -1189.00, -1189.00, -4755.00
20596, 0.77, 0.22, -0.94, -4.75, -28.62, 29.84, 963.00, 963.00, 3855.00
20691, 0.83, 0.18, -0.94, -2.11, -67.96, 31.59, 1028.00, 1028.00, 4112.00
20786, 0.69, 0.20, -0.98, -4.58, 68.07, -63.93, -2089.00, -2089.00, -8353.00
20881, 0.83, 0.24, -0.90, -35.45, 124.51, -20.94, -675.00, -675.00, -2699.00
20976, 0.90, 0.24, -0.75, 124.51, -85.77, 31.86, 1028.00, 1028.00, 4112.00
21086, 0.92, 0.15, -0.88, 112.71, -124.51, 95.78, 3148.00, 3148.00, 12593.00
21181, 0.80, -0.01, -0.86, 11.98, -120.95, 27.34, 899.00, 899.00, 3598.00
21276, 0.58, -0.07, -0.96, 53.58, -8.41, -64.78, -2121.00, -2121.00, -8482.00
21371, 0.64, -0.05, -1.10, 22.81, 124.51, -33.05, -1061.00, -1061.00, -4241.00
21466, 0.74, 0.12, -1.05, 122.89, 124.51, -86.29, -2828.00, -2828.00, -11309.00
21561, 1.09, 0.01, -0.85, 124.51, 124.51, -48.86, -1607.00, -1607.00, -6426.00
21671, 1.13, -0.05, -0.86, 124.51, 124.51, -2.04, -65.00, -65.00, -258.00
21766, 1.17, -0.08, -0.71, 86.07, 81.40, -62.49, -2057.00, -2057.00, -8225.00
21861, 1.05, -0.05, -0.73, 54.32, 22.94, -46.98, -1543.00, -1543.00, -6169.00
21956, 1.13, -0.04, -0.61, 67.97, 37.38, -74.78, -2442.00, -2442.00, -9767.00
22051, 1.40, -0.02, -0.53, 51.85, -2.08, -30.75, -996.00, -996.00, -3984.00
22146, 1.09, 0.05, -0.63, -51.78, 8.06, 13.02, 417.00, 417.00, 1670.00
22241, 1.11, 0.06, -0.68, -72.75, -6.95, -51.32, -1671.00, -1671.00, -6683.00
22351, 1.12, 0.11, -0.62, -58.64, 35.99, -31.38, -1029.00, -1029.00, -4113.00
22446, 1.15, 0.12, -0.59, -17.46, -70.19, 61.32, 2023.00, 2023.00, 8095.00
22541, 1.12, 0.04, -0.63, 15.02, -57.11, 40.07, 1317.00, 1317.00, 5268.00
22636, 1.04, -0.06, -0.62, -5.02, -46.75, 124.51, 4079.00, 4079.00, 16319.00
22731, 1.02, -0.07, -0.64, -23.88, -71.15, 124.51, 4079.00, 4079.00, 16319.00
22827, 0.99, -0.14, -0.78, -112.59, -96.73, 124.51, 4079.00, 4079.00, 16319.00
22922, 0.92, -0.18, -0.83, -112.97, -124.51, 124.51, 4079.00, 4079.00, 16319.00
23032, 0.91, -0.20, -0.80, -97.65, -42.67, 124.51, 4079.00, 4079.00, 16319.00
23127, 0.86, -0.35, -0.79, -94.48, -124.51, 124.51, 4079.00, 4079.00, 16319.00
23223, 0.31, -0.59, -1.17, 32.92, 42.77, 124.51, 4079.00, 4079.00, 16319.00
23318, 0.64, -0.58, -0.81, -12.00, -105.72, 124.51, 4079.00, 4079.00, 16319.00
23413, 0.45, -0.57, -0.96, -31.41, -58.41, 124.51, 4079.00, 4079.00, 16319.00
23508, 0.39, -0.61, -1.07, 14.59, -81.08, 124.51, 4079.00, 4079.00, 16319.00
23619, 0.42, -0.68, -1.06, 14.50, 11.10, 34.63, 1124.00, 1124.00, 4497.00
23714, 0.46, -0.65, -1.02, -0.27, 33.61, 12.19, 385.00, 385.00, 1542.00
23809, 0.49, -0.72, -1.01, -15.86, -50.60, 34.42, 1124.00, 1124.00, 4497.00
23904, 0.43, -0.67, -1.00, 7.54, -28.56, -13.18, -418.00, -418.00, -1671.00
24000, 0.44, -0.64, -1.01, 10.10, -25.54, -7.94, -258.00, -258.00, -1029.00
24095, 0.46, -0.66, -1.00, -26.96, -1.93, -31.18, -1029.00, -1029.00, -4113.00
24190, 0.49, -0.66, -1.00, 3.39, -5.37, -27.47, -900.00, -900.00, -3599.00
24300, 0.46, -0.63, -1.02, 10.22, -8.47, -6.52, -193.00, -193.00, -772.00
24395, 0.46, -0.63, -1.00, -4.45, 17.15, -8.70, -258.00, -258.00, -1029.00
24490, 0.50, -0.63, -1.01, -32.10, 19.05, 6.76, 192.00, 192.00, 771.00
24585, 0.48, -0.62, -1.03, -22.73, -11.91, 3.42, 96.00, 96.00, 385.00
24680, 0.44, -0.62, -1.04, -43.94, -0.89, -10.07, -322.00, -322.00, -1286.00
24776, 0.48, -0.57, -1.05, -58.18, -20.26, 24.21, 771.00, 771.00, 3084.00
24871, 0.52, -0.55, -1.03, -36.48, -3.25, -3.22, -97.00, -97.00, -386.00
24981, 0.50, -0.53, -1.00, -28.38, -11.09, -11.13, -354.00, -354.00, -1414.00
25076, 0.46, -0.60, -1.05, -5.53, -39.25, -51.21, -1671.00, -1671.00, -6683.00
25171, 0.43, -0.56, -1.04, -34.21, -19.01, -15.78, -515.00, -515.00, -2057.00
25267, 0.50, -0.54, -1.07, -34.97, 39.41, 7.81, 257.00, 257.00, 1028.00
25362, 0.51, -0.51, -1.05, -6.32, -22.75, -46.79, -1543.00, -1543.00, -6169.00
25457, 0.46, -0.52, -1.05, 17.13, -43.22, -61.64, -2024.00, -2024.00, -8096.00
25567, 0.46, -0.57, -1.05, -16.45, -21.64, -11.01, -354.00, -354.00, -1414.00
25663, 0.45, -0.54, -1.09, 4.86, 1.27, 13.95, 449.00, 449.00, 1799.00
25758, 0.43, -0.57, -1.05, -3.73, -15.35, 11.18, 353.00, 353.00, 1413.00
25853, 0.43, -0.54, -1.08, -30.62, -27.98, 14.18, 449.00, 449.00, 1799.00
25948, 0.42, -0.55, -1.04, -23.01, 15.31, 14.65, 481.00, 481.00, 1927.00
26043, 0.43, -0.55, -1.08, -11.95, -4.61, -22.99, -739.00, -739.00, -2956.00
26138, 0.40, -0.51, -1.05, -20.67, 13.86, -19.03, -611.00, -611.00, -2442.00
26249, 0.55, -0.61, -1.12, -124.51, 73.61, 25.43, 835.00, 835.00, 3341.00
26344, 0.36, -0.39, -1.06, -124.51, -51.70, 27.10, 867.00, 867.00, 3469.00
26439, 0.37, -0.32, -1.08, 31.14, -48.12, 17.95, 578.00, 578.00, 2313.00
26534, 0.40, -0.41, -1.14, 24.38, -30.86, -38.04, -1253.00, -1253.00, -5012.00
26630, 0.36, -0.47, -1.16, 29.72, 16.39, 0.90, 0.00, 0.00, 0.00
26724, 0.34, -0.53, -1.18, 3.31, -23.52, -3.78, -97.00, -97.00, -386.00
26820, 0.33, -0.49, -1.19, -11.78, -0.97, 20.04, 642.00, 642.00, 2570.00
26930, 0.37, -0.45, -1.14, -21.25, 9.08, -21.04, -675.00, -675.00, -2699.00
27025, 0.35, -0.43, -1.09, 5.65, -6.32, -41.12, -1350.00, -1350.00, -5398.00
27120, 0.35, -0.42, -1.14, 0.03, 39.00, -25.44, -836.00, -836.00, -3342.00
27215, 0.41, -0.47, -1.15, -10.12, 44.44, -22.50, -739.00, -739.00, -2956.00
27310, 0.35, -0.32, -1.17, -124.51, -70.01, -100.35, -3309.00, -3309.00, -13236.00
27405, 0.41, -0.28, -1.19, -3.06, 15.07, -46.91, -1543.00, -1543.00, -6169.00
27500, 0.37, -0.25, -1.20, 2.65, -53.65, -46.48, -1510.00, -1510.00, -6040.00
27611, 0.36, -0.29, -1.18, 48.79, -17.77, 15.94, 514.00, 514.00, 2056.00
27706, 0.39, -0.32, -1.21, -8.59, -27.52, -20.56, -675.00, -675.00, -2699.00
27801, 0.34, -0.30, -1.18, -6.87, 7.36, -47.08, -1543.00, -1543.00, -6169.00
27896, 0.35, -0.31, -1.20, 23.25, -7.74, 32.15, 1060.00, 1060.00, 4240.00
27991, 0.34, -0.30, -1.22, -7.20, 2.64, 43.76, 1413.00, 1413.00, 5654.00
28086, 0.35, -0.33, -1.19, -38.40, -54.43, 13.59, 417.00, 417.00, 1670.00
28181, 0.33, -0.29, -1.18, -2.07, -18.55, 23.51, 771.00, 771.00, 3084.00
28291, 0.33, -0.29, -1.19, 26.46, -7.38, -7.80, -258.00, -258.00, -1029.00
28386, 0.33, -0.35, -1.23, 4.17, -25.06, -11.49, -354.00, -354.00, -1414.00
28482, 0.33, -0.31, -1.21, -43.11, -21.50, -16.79, -547.00, -547.00, -2185.00
28577, 0.33, -0.27, -1.20, -75.60, -26.57, -43.72, -1414.00, -1414.00, -5655.00
28672, 0.33, -0.21, -1.25, -113.59, -18.11, -44.33, -1446.00, -1446.00, -5783.00
28767, 0.29, -0.13, -1.25, -89.30, 1.98, -40.63, -1318.00, -1318.00, -5269.00
28878, 0.29, -0.12, -1.22, -2.23, -34.24, 40.38, 1317.00, 1317.00, 5268.00
28973, 0.32, -0.12, -1.25, 38.89, -4.53, 53.35, 1734.00, 1734.00, 6939.00
29068, 0.32, -0.22, -1.24, 13.41, -7.80, 93.65, 3084.00, 3084.00, 12336.00
29163, 0.32, -0.21, -1.27, -84.47, 9.91, 12.11, 385.00, 385.00, 1542.00
29258, 0.24, -0.19, -1.24, -124.51, 50.11, -124.51, -4080.00, -4080.00, -16320.00
29354, 0.25, -0.03, -1.19, -124.51, 38.27, -124.51, -4080.00, -4080.00, -16320.00
29449, 0.35, 0.36, -1.19, -124.51, 27.63, -112.70, -3695.00, -3695.00, -14778.00
29559, 0.33, 0.48, -1.13, -109.94, -82.28, -54.11, -1767.00, -1767.00, -7068.00
29655, 0.23, 0.51, -1.13, -56.90, -81.38, -59.39, -1960.00, -1960.00, -7839.00
29750, 0.23, 0.53, -1.14, -44.11, 0.45, 4.11, 128.00, 128.00, 514.00
29845, 0.25, 0.62, -1.16, -0.24, 22.76, -20.72, -675.00, -675.00, -2699.00
29940, 0.26, 0.59, -1.10, 53.82, -2.30, -63.32, -2089.00, -2089.00, -8353.00
30035, 0.25, 0.48, -1.15, 60.77, 36.10, -15.69, -515.00, -515.00, -2057.00
30131, 0.25, 0.46, -1.15, 109.39, 73.74, -12.45, -386.00, -386.00, -1543.00
30241, 0.33, 0.38, -1.20, 102.76, -27.85, 43.28, 1413.00, 1413.00, 5654.00
30336, 0.29, 0.42, -1.22, -16.95, -48.02, -21.63, -707.00, -707.00, -2828.00
30431, 0.28, 0.35, -1.21, 11.15, 0.18, -27.44, -900.00, -900.00, -3599.00
30526, 0.27, 0.35, -1.19, 15.31, -20.05, -9.58, -290.00, -290.00, -1157.00
30622, 0.30, 0.33, -1.21, 31.14, -19.06, 35.54, 1156.00, 1156.00, 4626.00
30717, 0.32, 0.33, -1.20, -5.21, -6.21, 1.85, 32.00, 32.00, 128.00
30812, 0.28, 0.34, -1.19, -17.22, 15.06, -11.42, -354.00, -354.00, -1414.00
30922, 0.32, 0.32, -1.19, -20.97, 10.92, 14.02, 449.00, 449.00, 1799.00
31017, 0.31, 0.34, -1.18, -4.35, 14.06, 11.35, 353.00, 353.00, 1413.00
31112, 0.32, 0.32, -1.21, -6.58, 16.36, 18.65, 610.00, 610.00, 2441.00
31208, 0.33, 0.32, -1.23, 3.47, 11.89, -2.50, -65.00, -65.00, -258.00
31303, 0.32, 0.31, -1.21, 27.24, -13.20, -19.81, -643.00, -643.00, -2571.00
31398, 0.33, 0.29, -1.21, -2.24, -16.09, 2.41, 64.00, 64.00, 257.00
31493, 0.32, 0.32, -1.19, 0.66, 1.28, -16.75, -547.00, -547.00, -2185.00
31603, 0.33, 0.29, -1.22, -4.32, -12.17, 1.83, 32.00, 32.00, 128.00
31698, 0.32, 0.27, -1.22, -11.39, -4.83, -2.89, -65.00, -65.00, -258.00
31793, 0.31, 0.26, -1.22, 22.25, 13.22, -21.40, -675.00, -675.00, -2699.00
31889, 0.31, 0.32, -1.22, 11.64, 14.72, 52.03, 1702.00, 1702.00, 6810.00
31984, 0.33, 0.25, -1.23, 70.99, -5.66, 20.66, 674.00, 674.00, 2698.00
32079, 0.33, 0.24, -1.24, 22.07, 0.87, -14.72, -482.00, -482.00, -1928.00
32174, 0.32, 0.24, -1.23, 5.11, -5.50, -8.68, -258.00, -258.00, -1029.00
32284, 0.31, 0.23, -1.23, -0.29, -16.75, -23.77, -772.00, -772.00, -3085.00
32379, 0.33, 0.22, -1.21, 9.80, 3.90, -20.43, -643.00, -643.00, -2571.00
32475, 0.33, 0.21, -1.21, 20.26, -0.07, 9.52, 289.00, 289.00, 1156.00
32570, 0.32, 0.19, -1.23, 19.15, -2.91, -35.58, -1157.00, -1157.00, -4627.00
32665, 0.32, 0.18, -1.23, 50.94, -10.29, 29.50, 963.00, 963.00, 3855.00
32760, 0.33, 0.19, -1.25, 40.12, 2.25, 29.05, 931.00, 931.00, 3726.00
32855, 0.33, 0.15, -1.27, 52.76, -35.33, 30.34, 995.00, 995.00, 3983.00
32966, 0.28, 0.09, -1.22, 29.10, -59.67, 28.25, 931.00, 931.00, 3726.00
33061, 0.24, 0.07, -1.22, 13.47, -49.70, -35.04, -1157.00, -1157.00, -4627.00
33156, 0.25, 0.06, -1.26, -14.65, 9.70, 18.32, 578.00, 578.00, 2313.00
33251, 0.28, 0.08, -1.27, -19.04, 23.20, -10.08, -322.00, -322.00, -1286.00
33345, 0.27, 0.10, -1.26, 13.42, 3.03, -4.12, -129.00, -129.00, -515.00
33440, 0.28, 0.09, -1.26, -33.39, -6.98, -0.04, -1.00, -1.00, -1.00
33535, 0.28, 0.09, -1.23, 11.47, 7.74, -7.55, -225.00, -225.00, -900.00
33645, 0.29, 0.08, -1.24, 10.66, 16.59, -37.44, -1221.00, -1221.00, -4884.00
33740, 0.31, 0.10, -1.23, -37.38, 20.22, -3.15, -97.00, -97.00, -386.00
33835, 0.30, 0.09, -1.24, 1.03, 24.86, -2.40, -65.00, -65.00, -258.00
33930, 0.31, 0.07, -1.23, -11.11, 15.53, -1.02, -33.00, -33.00, -129.00
34025, 0.32, 0.05, -1.25, 8.30, 36.31, -5.62, -161.00, -161.00, -643.00
34120, 0.33, 0.05, -1.23, 53.05, 24.67, -22.11, -707.00, -707.00, -2828.00
34215, 0.33, 0.01, -1.25, 32.41, 24.54, 2.86, 64.00, 64.00, 257.00
34325, 0.33, -0.01, -1.23, 17.57, 28.93, -9.01, -290.00, -290.00, -1157.00
34420, 0.35, -0.02, -1.25, 19.15, 24.20, 13.54, 417.00, 417.00, 1670.00
34515, 0.35, -0.04, -1.23, -9.46, 20.53, -21.42, -707.00, -707.00, -2828.00
34610, 0.40, -0.04, -1.22, -68.19, 12.26, -18.29, -579.00, -579.00, -2314.00
34705, 0.40, 0.02, -1.24, -118.25, 52.28, -62.92, -2057.00, -2057.00, -8225.00
34800, 0.41, 0.12, -1.20, -59.49, 28.57, -9.52, -290.00, -290.00, -1157.00
34895, 0.43, 0.09, -1.22, 7.68, 11.90, -21.64, -707.00, -707.00, -2828.00
35005, 0.42, 0.10, -1.22, -18.49, 4.89, 7.76, 224.00, 224.00, 899.00
35100, 0.41, 0.11, -1.23, -18.03, -5.10, -17.54, -579.00, -579.00, -2314.00
35195, 0.41, 0.10, -1.22, -27.12, 13.89, -14.72, -482.00, -482.00, -1928.00
35290, 0.39, 0.12, -1.23, 39.15, -3.33, 9.31, 289.00, 289.00, 1156.00
35385, 0.43, 0.02, -1.24, 69.60, -24.02, 29.89, 963.00, 963.00, 3855.00
35480, 0.45, -0.02, -1.24, -29.18, -19.61, -9.44, -290.00, -290.00, -1157.00
35575, 0.38, 0.03, -1.22, -52.17, -52.50, 6.57, 192.00, 192.00, 771.00
35685, 0.36, 0.04, -1.20, -2.75, 11.28, 3.00, 96.00, 96.00, 385.00
35779, 0.38, 0.06, -1.19, -22.77, 10.46, -30.45, -996.00, -996.00, -3984.00
35880, 0.38, 0.10, -1.22, 2.71, 8.86, -10.39, -322.00, -322.00, -1286.00
35975, 0.35, 0.10, -1.26, 52.37, -58.43, 34.46, 1124.00, 1124.00, 4497.00
36070, 0.36, -0.04, -1.37, 124.51, -18.64, 116.70, 3822.00, 3822.00, 15291.00
36165, 0.11, -0.12, -1.48, 124.51, 124.51, 124.51, 4079.00, 4079.00, 16319.00
36260, 0.47, -0.57, -1.43, -94.76, 109.35, 124.51, 4079.00, 4079.00, 16319.00
36370, 0.57, -0.34, -1.01, -124.51, 124.51, 124.51, 4079.00, 4079.00, 16319.00
36465, 0.74, -0.05, -0.76, -124.51, 124.51, 124.51, 4079.00, 4079.00, 16319.00
36560, 0.74, -0.04, -0.83, 69.96, 124.51, 100.01, 3276.00, 3276.00, 13107.00
36655, 0.70, 0.18, -0.91, 124.51, 124.51, -124.51, -4080.00, -4080.00, -16320.00
36750, 1.09, 0.28, -0.48, 0.93, 124.51, -124.51, -4080.00, -4080.00, -16320.00
36845, 1.31, 0.35, -0.25, -72.13, 124.51, -124.51, -4080.00, -4080.00, -16320.00
36955, 1.22, 0.38, -0.42, 56.67, 20.55, -124.51, -4080.00, -4080.00, -16320.00
37051, 1.09, 0.59, -0.34, 109.87, -38.68, -124.51, -4080.00, -4080.00, -16320.00
37146, 0.90, 0.68, -0.43, 92.49, -124.51, -40.46, -1318.00, -1318.00, -5269.00
37241, 0.63, 0.72, -0.68, 25.81, -124.51, 84.60, 2762.00, 2762.00, 11051.00
37336, 0.69, 0.62, -0.76, -4.24, -112.94, 124.51, 4079.00, 4079.00, 16319.00
37431, 0.72, 0.61, -0.79, -12.64, -16.96, -30.74, -996.00, -996.00, -3984.00
37526, 0.88, 0.61, -0.67, 5.97, 124.51, -76.40, -2506.00, -2506.00, -10024.00
37636, 0.92, 0.66, -0.57, -10.38, 113.92, -124.51, -4080.00, -4080.00, -16320.00
37731, 0.87, 0.74, -0.56, 28.83, 124.51, -88.43, -2892.00, -2892.00, -11566.00
37826, 0.86, 0.76, -0.59, 72.76, 69.84, 32.47, 1060.00, 1060.00, 4240.00
37921, 0.91, 0.67, -0.64, 65.32, 2.58, 124.51, 4079.00, 4079.00, 16319.00
38016, 1.01, 0.48, -0.56, -54.96, -106.50, 124.51, 4079.00, 4079.00, 16319.00
38111, 1.12, 0.30, -0.65, -26.91, -124.51, 124.51, 4079.00, 4079.00, 16319.00
38221, 0.96, 0.21, -0.84, 24.82, -64.50, 30.12, 963.00, 963.00, 3855.00
38316, 0.94, 0.25, -0.77, 38.00, 76.40, -0.70, -1.00, -1.00, -1.00
38411, 0.93, 0.31, -0.72, 30.23, 84.30, -55.18, -1800.00, -1800.00, -7197.00
38506, 0.97, 0.25, -0.74, -104.04, -124.51, 124.51, 4079.00, 4079.00, 16319.00
38601, 0.95, 0.02, -0.90, -124.51, -124.51, 124.51, 4079.00, 4079.00, 16319.00
38696, 0.94, 0.02, -0.85, -124.51, -97.83, 124.51, 4079.00, 4079.00, 16319.00
38792, 0.80, 0.07, -0.93, -124.51, -124.51, 124.51, 4079.00, 4079.00, 16319.00
38902, 0.88, -0.12, -1.29, -124.51, -124.51, 124.51, 4079.00, 4079.00, 16319.00
38997, 0.70, -0.03, -1.13, -38.86, -124.51, 107.51, 3533.00, 3533.00, 14135.00
39092, 0.60, 0.04, -1.11, -109.40, -124.51, 67.78, 2216.00, 2216.00, 8866.00
39188, 0.07, -0.08, -0.95, -30.13, -27.25, -52.51, -1703.00, -1703.00, -6811.00
39283, 0.56, 0.09, -1.10, -82.98, 43.53, -43.77, -1414.00, -1414.00, -5655.00
39378, 0.51, 0.08, -1.13, -124.51, 105.92, -39.31, -1286.00, -1286.00, -5141.00
39473, 0.57, 0.22, -1.05, -124.51, 124.51, -117.77, -3888.00, -3888.00, -15549.00
39584, 0.89, 0.21, -1.05, -124.51, 124.51, -61.92, -2024.00, -2024.00, -8096.00
39679, 1.09, 0.36, -0.96, -124.51, 105.99, -3.83, -97.00, -97.00, -386.00
39774, 0.94, 0.55, -0.78, -124.51, 77.56, -51.37, -1671.00, -1671.00, -6683.00
39869, 0.89, 0.56, -0.71, -124.51, -77.95, 18.32, 578.00, 578.00, 2313.00
39964, 0.83, 0.57, -0.77, -124.51, -34.68, -7.17, -225.00, -225.00, -900.00
2289, -1.11, 0.43, -0.70, 124.51, 124.51, 124.51, 4079.00, 4079.00, 16319.00
2399, -0.93, 0.29, -0.89, 124.51, 124.51, 124.51, 4079.00, 4079.00, 16319.00
2495, -0.21, 0.00, -1.19, 124.51, 124.51, 124.51, 4079.00, 4079.00, 16319.00
2590, -0.03, -0.05, -1.44, 124.51, -124.51, 111.89, 3694.00, 3694.00, 14777.00
2685, -0.74, -0.27, -0.94, 82.73, -70.18, 51.00, 1670.00, 1670.00, 6682.00
2780, -0.54, -0.09, -1.19, -124.51, 124.51, 47.86, 1574.00, 1574.00, 6296.00
2876, -0.33, 0.02, -1.28, -97.55, 124.51, 124.51, 4079.00, 4079.00, 16319.00
2971, 0.15, -0.16, -1.34, 96.28, 124.51, 124.51, 4079.00, 4079.00, 16319.00
3081, -0.07, 0.02, -1.47, 90.15, -124.51, 124.51, 4079.00, 4079.00, 16319.00
3176, -0.22, -0.28, -1.42, -124.51, -118.50, -124.51, -4080.00, -4080.00, -16320.00
3272, -0.31, 0.06, -1.03, -124.51, 124.51, -5.68, -161.00, -161.00, -643.00
3367, -0.04, 0.19, -1.23, -0.36, 74.63, 12.77, 417.00, 417.00, 1670.00
3462, -0.16, 0.16, -1.08, 24.09, -90.27, 69.81, 2280.00, 2280.00, 9123.00
3557, -0.18, 0.35, -1.34, 124.51, -67.25, 41.03, 1349.00, 1349.00, 5397.00
3652, -0.09, 0.21, -1.18, 124.51, -26.21, 124.51, 4079.00, 4079.00, 16319.00
3763, -0.09, -0.02, -1.21, 47.52, 124.51, 97.64, 3212.00, 3212.00, 12850.00
3858, -0.13, -0.08, -1.19, 24.65, 38.40, -57.67, -1896.00, -1896.00, -7582.00
3953, 0.00, -0.09, -1.21, -63.22, 124.51, -84.86, -2795.00, -2795.00, -11180.00
4048, -0.15, 0.12, -1.36, 101.57, -101.74, 124.51, 4079.00, 4079.00, 16319.00
4144, -0.06, 0.21, -1.26, -96.92, -40.19, -31.59, -1029.00, -1029.00, -4113.00
4239, -0.18, 0.22, -1.22, -82.49, 68.68, -90.50, -2988.00, -2988.00, -11951.00
4349, -0.16, 0.10, -1.29, 78.81, 124.51, 76.63, 2505.00, 2505.00, 10023.00
4444, -0.11, 0.04, -1.33, 18.70, 6.47, 61.91, 2023.00, 2023.00, 8095.00
4539, -0.02, 0.13, -1.34, 19.05, -83.99, 31.36, 1028.00, 1028.00, 4112.00
4634, -0.18, 0.04, -1.20, 4.43, -90.81, 48.87, 1606.00, 1606.00, 6425.00
4730, -0.22, 0.25, -1.18, -5.85, 29.12, 1.89, 32.00, 32.00, 128.00
4825, -0.06, -0.09, -1.45, -28.95, -3.40, -47.42, -1543.00, -1543.00, -6169.00
4920, -0.08, 0.04, -1.32, 58.24, -45.63, 43.35, 1413.00, 1413.00, 5654.00
5030, -0.14, -0.05, -1.26, 16.12, -37.73, 23.97, 771.00, 771.00, 3084.00
5125, -0.18, 0.09, -1.25, -27.63, 64.44, -67.65, -2217.00, -2217.00, -8867.00
5220, -0.19, 0.01, -1.23, 112.46, 45.46, 58.34, 1895.00, 1895.00, 7581.00
5315, -0.22, -0.07, -1.27, -5.89, 63.84, -32.79, -1061.00, -1061.00, -4241.00
5410, -0.08, -0.13, -1.36, -21.90, -88.62, 57.11, 1863.00, 1863.00, 7453.00
5506, -0.15, 0.07, -1.21, -7.20, -44.47, -0.93, -1.00, -1.00, -1.00
5600, -0.25, -0.01, -1.22, 3.08, -36.49, -42.72, -1382.00, -1382.00, -5526.00
5776, -0.14, 0.02, -1.27, -41.72, 41.65, -10.47, -322.00, -322.00, -1286.00
5871, -0.12, 0.07, -1.31, -16.61, 64.27, -25.46, -836.00, -836.00, -3342.00
5966, -0.09, 0.06, -1.28, -8.82, 25.12, 3.48, 96.00, 96.00, 385.00
6061, -0.05, 0.05, -1.26, 10.38, 1.64, -1.05, -33.00, -33.00, -129.00
6156, -0.10, 0.03, -1.27, -5.81, -11.24, -10.89, -354.00, -354.00, -1414.00
6251, -0.09, 0.05, -1.25, -24.86, 29.55, 22.44, 738.00, 738.00, 2955.00
6346, -0.09, 0.05, -1.28, -1.63, -5.37, -0.40, -1.00, -1.00, -1.00
6456, -0.09, 0.03, -1.29, -30.85, 24.85, -10.12, -322.00, -322.00, -1286.00
6551, -0.06, 0.04, -1.31, 3.02, -8.28, 6.70, 192.00, 192.00, 771.00
6646, -0.07, 0.02, -1.26, -22.59, -9.82, 29.78, 963.00, 963.00, 3855.00
6741, -0.08, 0.04, -1.25, -6.06, 17.78, -8.67, -258.00, -258.00, -1029.00
6836, -0.08, 0.02, -1.28, -2.23, 17.06, -22.24, -707.00, -707.00, -2828.00
6931, -0.06, 0.04, -1.29, -7.42, -19.18, -3.07, -97.00, -97.00, -386.00
7027, -0.07, 0.04, -1.28, -11.76, 5.62, -28.63, -932.00, -932.00, -3727.00
7137, -0.08, 0.04, -1.28, -18.87, -14.74, -109.72, -3599.00, -3599.00, -14393.00
7232, -0.08, 0.10, -1.24, -15.25, -20.98, -85.03, -2795.00, -2795.00, -11180.00
7327, -0.09, 0.03, -1.29, 4.34, 11.35, 21.61, 706.00, 706.00, 2827.00
7423, -0.12, 0.02, -1.28, 31.18, -3.76, -28.11, -900.00, -900.00, -3599.00
7518, -0.06, 0.02, -1.27, 3.52, -3.05, 18.10, 578.00, 578.00, 2313.00
7613, -0.13, 0.03, -1.14, 11.24, 30.96, 44.36, 1445.00, 1445.00, 5782.00
7708, -0.16, 0.00, -1.12, -42.32, 92.99, 13.27, 417.00, 417.00, 1670.00
7818, 0.06, 0.12, -1.76, 50.75, 101.78, 42.04, 1381.00, 1381.00, 5525.00
7913, 0.74, 0.07, -3.05, -67.02, -124.51, 25.23, 803.00, 803.00, 3212.00
8009, -0.43, -0.06, 0.74, -35.34, -124.51, -112.56, -3695.00, -3695.00, -14778.00
8104, -0.22, -0.49, 2.00, -120.21, 124.51, -10.55, -322.00, -322.00, -1286.00
8199, 1.85, 0.39, -3.83, 124.51, 124.51, 124.51, 4079.00, 4079.00, 16319.00
8294, 1.03, 0.31, -4.93, -124.51, -124.51, -124.51, -4080.00, -4080.00, -16320.00
8390, 0.81, -0.28, 2.97, -124.51, -124.51, -45.55, -1478.00, -1478.00, -5912.00
8500, 0.72, -0.55, 2.78, 124.51, 124.51, 124.51, 4079.00, 4079.00, 16319.00
8595, 3.17, 1.09, -10.39, -124.51, 124.51, 10.89, 353.00, 353.00, 1413.00
8691, 2.36, -0.11, 0.59, 124.51, -124.51, -124.51, -4080.00, -4080.00, -16320.00
8786, -0.23, -1.14, 5.67, 98.88, 124.51, 124.51, 4079.00, 4079.00, 16319.00
8881, 3.35, -0.58, -11.78, -124.51, -124.51, -124.51, -4080.00, -4080.00, -16320.00
8977, 2.08, -2.12, 8.65, -124.51, 124.51, -87.95, -2892.00, -2892.00, -11566.00
9087, 2.20, -2.47, -8.50, -56.93, -124.51, -124.51, -4080.00, -4080.00, -16320.00
9182, -0.25, -1.55, 7.52, -110.02, 124.51, 109.76, 3598.00, 3598.00, 14392.00
9278, 1.47, -2.04, -9.28, -124.51, -124.51, -124.51, -4080.00, -4080.00, -16320.00
9373, 0.63, -2.60, 8.25, -124.51, 124.51, 53.31, 1734.00, 1734.00, 6939.00
9468, 1.59, -1.32, -10.72, 124.51, -124.51, -124.51, -4080.00, -4080.00, -16320.00
9564, 2.47, -3.25, 9.36, -124.51, 124.51, 124.51, 4079.00, 4079.00, 16319.00
9674, 1.12, -1.72, -10.49, 124.51, -124.51, -124.51, -4080.00, -4080.00, -16320.00
9769, 2.63, -2.06, 8.85, -124.51, 124.51, -52.50, -1703.00, -1703.00, -6811.00
9865, 2.38, -2.24, -13.61, 124.51, -124.51, -124.51, -4080.00, -4080.00, -16320.00
9960, 3.43, -2.50, 8.82, -124.51, -80.10, 124.51, 4079.00, 4079.00, 16319.00
10055, 3.80, 1.00, -11.53, 124.51, 124.51, 124.51, 4079.00, 4079.00, 16319.00
10151, 1.57, -1.26, 5.70, -124.51, -124.51, 124.51, 4079.00, 4079.00, 16319.00
10246, 0.68, 2.73, -3.67, 124.51, 124.51, 124.51, 4079.00, 4079.00, 16319.00
10356, 2.06, -1.17, 5.10, -124.51, -124.51, 124.51, 4079.00, 4079.00, 16319.00
10451, 0.67, 2.25, -0.96, 124.51, 124.51, 124.51, 4079.00, 4079.00, 16319.00
10547, 1.13, -2.18, -2.32, -124.51, -124.51, 124.51, 4079.00, 4079.00, 16319.00
10642, -0.37, 0.72, 3.89, -124.51, 124.51, 124.51, 4079.00, 4079.00, 16319.00
10737, 0.67, -1.76, -6.12, -124.51, -124.51, -124.51, -4080.00, -4080.00, -16320.00
10832, 0.89, -1.03, 7.20, 124.51, 124.51, 124.51, 4079.00, 4079.00, 16319.00
10943, 2.65, -1.55, -9.58, -124.51, -124.51, -124.51, -4080.00, -4080.00, -16320.00
11038, 1.41, -1.72, 9.86, -124.51, 124.51, 124.51, 4079.00, 4079.00, 16319.00
11133, 3.87, -1.01, -13.51, 124.51, -124.51, -59.01, -1928.00, -1928.00, -7711.00
11228, -0.37, -1.32, 8.15, -124.51, 124.51, 124.51, 4079.00, 4079.00, 16319.00
11323, 1.73, 0.11, -6.01, 1.99, -124.51, -25.83, -836.00, -836.00, -3342.00
11418, -0.79, 0.27, -0.63, -67.12, -105.25, 93.11, 3051.00, 3051.00, 12207.00
11513, 0.05, -0.25, -0.92, 13.64, 124.51, -65.90, -2153.00, -2153.00, -8610.00
11623, -0.18, 0.13, -1.17, 124.51, 124.51, -124.51, -4080.00, -4080.00, -16320.00
11718, 0.20, -0.05, -1.47, 70.73, 124.51, -124.51, -4080.00, -4080.00, -16320.00
11813, 0.32, -0.04, -1.37, -124.51, 95.59, -109.65, -3599.00, -3599.00, -14393.00
11909, 0.25, 0.08, -1.35, -49.04, -46.72, -40.68, -1318.00, -1318.00, -5269.00
12004, 0.21, 0.14, -1.27, -24.06, -70.70, -17.59, -579.00, -579.00, -2314.00
12099, 0.15, 0.12, -1.29, -124.51, 11.04, -124.51, -4080.00, -4080.00, -16320.00
12209, 0.18, 0.11, -1.22, -56.19, 29.75, -49.15, -1607.00, -1607.00, -6426.00
12304, 0.19, 0.18, -1.32, -0.59, 37.27, -124.51, -4080.00, -4080.00, -16320.00
12399, 0.16, 0.23, -1.20, 103.07, -60.69, -35.92, -1157.00, -1157.00, -4627.00
12494, 0.13, 0.07, -1.32, 52.07, -19.07, 52.74, 1734.00, 1734.00, 6939.00
12589, 0.13, 0.09, -1.23, 22.95, -15.57, -22.37, -707.00, -707.00, -2828.00
12684, 0.13, 0.07, -1.26, -119.88, 51.88, -66.71, -2185.00, -2185.00, -8739.00
12779, 0.18, 0.10, -1.29, 10.63, 31.74, -39.52, -1286.00, -1286.00, -5141.00
12889, 0.16, 0.15, -1.27, 38.33, -5.17, -41.66, -1350.00, -1350.00, -5398.00
12984, 0.06, 0.07, -1.23, 16.81, -50.96, -35.59, -1157.00, -1157.00, -4627.00
13079, 0.05, 0.07, -1.25, 77.79, -70.92, 12.74, 417.00, 417.00, 1670.00
13174, 0.12, -0.04, -1.35, 33.99, -42.29, -30.06, -964.00, -964.00, -3856.00
13269, -0.08, -0.01, -1.39, 42.39, -30.86, 69.81, 2280.00, 2280.00, 9123.00
13364, 0.14, -0.05, -1.24, -23.67, 123.23, -44.82, -1478.00, -1478.00, -5912.00
13459, 0.02, -0.05, -1.26, 11.98, -17.37, 54.47, 1766.00, 1766.00, 7067.00
13535, 0.05, 0.02, -1.29, 50.39, -61.10, 78.02, 2570.00, 2570.00, 10280.00
13630, 0.07, -0.05, -1.32, -76.93, 1.65, 34.56, 1124.00, 1124.00, 4497.00
13725, -0.02, -0.03, -1.23, -21.61, -25.95, 32.11, 1060.00, 1060.00, 4240.00
13820, 0.02, -0.07, -1.23, 101.45, -5.19, 14.71, 481.00, 481.00, 1927.00
13915, 0.04, -0.05, -1.28, 31.97, 10.56, 0.70, 0.00, 0.00, 0.00
14010, 0.06, -0.05, -1.31, -4.84, 7.93, -10.37, -322.00, -322.00, -1286.00
14120, 0.02, 0.01, -1.22, -124.51, 95.22, 2.52, 64.00, 64.00, 257.00
14215, 0.16, -0.05, -1.25, -124.51, 84.79, 21.31, 674.00, 674.00, 2698.00
14310, 0.20, 0.03, -1.40, 124.51, -107.96, 124.51, 4079.00, 4079.00, 16319.00
14405, 0.01, 0.07, -1.22, -69.07, -74.54, 56.59, 1863.00, 1863.00, 7453.00
14500, 0.19, 0.05, -1.25, 3.45, 116.31, 87.59, 2891.00, 2891.00, 11565.00
14595, 0.19, 0.06, -1.31, -70.83, 124.51, -45.08, -1478.00, -1478.00, -5912.00
14690, 0.10, 0.07, -1.23, -124.51, -95.27, -124.51, -4080.00, -4080.00, -16320.00
14800, 0.28, 0.74, -1.13, -124.51, 18.96, -124.51, -4080.00, -4080.00, -16320.00
14895, -0.07, 1.17, -0.99, -124.51, -47.96, -124.51, -4080.00, -4080.00, -16320.00
14990, -0.13, 0.96, -0.90, -124.51, -124.51, -124.51, -4080.00, -4080.00, -16320.00
15085, -0.57, 0.90, -0.46, -72.56, -124.51, -42.08, -1382.00, -1382.00, -5526.00
15181, -0.61, 0.91, -0.49, -124.51, 38.68, -80.16, -2635.00, -2635.00, -10538.00
15276, -0.63, 1.04, -0.47, -124.51, -39.35, -20.71, -675.00, -675.00, -2699.00
15371, -0.67, 1.19, -0.25, -63.70, -28.02, -38.22, -1253.00, -1253.00, -5012.00
15481, -0.64, 1.02, -0.33, 64.89, 124.51, 14.93, 481.00, 481.00, 1927.00
15576, -0.53, 1.02, -0.38, -124.51, -81.73, 124.51, 4079.00, 4079.00, 16319.00
15671, -0.55, 1.20, -0.14, 77.60, -51.64, 69.23, 2280.00, 2280.00, 9123.00
15766, -0.52, 1.25, -0.33, 124.51, -124.51, -35.36, -1157.00, -1157.00, -4627.00
15861, -0.67, 1.03, -0.54, 124.51, -124.51, -57.51, -1896.00, -1896.00, -7582.00
15956, -0.66, 0.68, -0.75, 124.51, -21.81, -66.37, -2185.00, -2185.00, -8739.00
16066, -0.52, 0.37, -0.94, 124.51, 67.84, -69.73, -2281.00, -2281.00, -9124.00
16161, -0.58, 0.28, -1.05, 124.51, 124.51, 47.57, 1542.00, 1542.00, 6168.00
16256, -0.39, 0.39, -1.21, 119.39, -39.53, 107.00, 3501.00, 3501.00, 14006.00
16351, -0.48, 0.43, -1.17, 124.51, -80.96, 69.75, 2280.00, 2280.00, 9123.00
16447, -0.48, 0.10, -1.24, -124.51, 124.51, -54.86, -1800.00, -1800.00, -7197.00
16542, -0.40, 0.48, -0.88, -124.51, 124.51, 68.30, 2248.00, 2248.00, 8995.00
16637, 0.22, 1.06, -0.78, -124.51, 124.51, 84.38, 2762.00, 2762.00, 11051.00
16747, 0.11, 1.17, -0.72, 116.45, -89.66, -15.59, -515.00, -515.00, -2057.00
16842, -0.09, 0.94, -0.81, 124.51, -73.21, 30.61, 995.00, 995.00, 3983.00
16938, -0.10, 0.84, -0.93, -14.13, 124.51, 93.29, 3051.00, 3051.00, 12207.00
17033, 0.20, 0.89, -1.03, 124.51, -124.51, 124.51, 4079.00, 4079.00, 16319.00
17128, 0.00, 0.67, -1.00, 124.51, -124.51, 124.51, 4079.00, 4079.00, 16319.00
17223, -0.07, 0.25, -1.32, 124.51, 124.51, 124.51, 4079.00, 4079.00, 16319.00
17334, 0.28, 0.45, -1.19, -124.51, 124.51, 124.51, 4079.00, 4079.00, 16319.00
17429, 0.49, 0.55, -1.10, 122.32, 124.51, 124.51, 4079.00, 4079.00, 16319.00
17524, 0.64, 0.32, -1.05, 124.51, 89.41, 124.51, 4079.00, 4079.00, 16319.00
17619, 0.67, 0.17, -1.05, 124.51, 11.00, 124.51, 4079.00, 4079.00, 16319.00
17715, 0.70, 0.00, -1.10, -12.38, 45.72, 97.23, 3180.00, 3180.00, 12721.00
17810, 0.73, 0.02, -1.08, 25.32, -38.14, -90.01, -2956.00, -2956.00, -11823.00
17905, 0.69, 0.15, -1.13, -29.72, 4.17, -124.51, -4080.00, -4080.00, -16320.00
18015, 0.76, 0.25, -1.08, -124.51, 124.51, -124.51, -4080.00, -4080.00, -16320.00
18110, 0.74, 0.37, -1.05, -103.78, -13.79, -124.51, -4080.00, -4080.00, -16320.00
18206, 0.78, 0.42, -1.00, -24.17, 124.51, -104.56, -3438.00, -3438.00, -13750.00
18301, 0.83, 0.54, -0.92, 11.06, -26.10, 124.51, 4079.00, 4079.00, 16319.00
18396, 0.73, 0.22, -1.04, 124.51, -124.51, 124.51, 4079.00, 4079.00, 16319.00
18492, 0.88, 0.08, -0.87, 124.51, -9.34, 124.51, 4079.00, 4079.00, 16319.00
18602, 0.84, -0.52, -0.98, 124.51, -21.12, 124.51, 4079.00, 4079.00, 16319.00
18697, 0.43, -0.64, -0.88, -49.01, -124.51, -91.11, -2988.00, -2988.00, -11951.00
18792, 0.67, -0.35, -1.08, -58.11, -124.51, -124.51, -4080.00, -4080.00, -16320.00
18888, 0.52, -0.47, -0.97, 82.76, -91.65, -89.60, -2956.00, -2956.00, -11823.00
18983, 0.64, -0.34, -1.10, -103.18, -124.51, -124.51, -4080.00, -4080.00, -16320.00
19078, 0.43, -0.34, -1.14, 27.95, -124.51, -101.71, -3342.00, -3342.00, -13365.00
19173, 0.70, 0.03, -1.34, -48.41, -124.51, -124.51, -4080.00, -4080.00, -16320.00
19284, 0.41, -0.29, -1.19, 48.47, -71.71, -109.39, -3599.00, -3599.00, -14393.00
19379, 0.38, -0.19, -1.22, 5.72, 8.78, -35.05, -1157.00, -1157.00, -4627.00
19474, 0.45, -0.14, -1.23, 11.91, -22.62, 11.52, 353.00, 353.00, 1413.00
19569, 0.35, -0.25, -1.20, -47.55, 9.23, 1.72, 32.00, 32.00, 128.00
19664, 0.35, -0.25, -1.21, -58.22, 20.45, -21.15, -675.00, -675.00, -2699.00
19760, 0.45, -0.19, -1.23, 3.12, -17.10, -82.77, -2731.00, -2731.00, -10923.00
19870, 0.41, -0.23, -1.19, 15.84, -11.60, -10.64, -322.00, -322.00, -1286.00
19965, 0.39, -0.19, -1.21, -27.28, -31.32, 28.74, 931.00, 931.00, 3726.00
